Position,Name,Salary,GameInfo,AvgPointsPerGame,teamAbbrev
WR,Antonio Brown,9300,Pit@Bal 01:00PM ET,26.029,Pit
WR,Odell Beckham Jr.,9200,NYG@Min 08:30PM ET,23.779,NYG
WR,DeAndre Hopkins,8400,Hou@Ten 01:00PM ET,21.821,Hou
WR,Julio Jones,8300,Car@Atl 01:00PM ET,24.314,Atl
WR,Brandon Marshall,7600,NE@NYJ 01:00PM ET,21.936,NYJ
TE,Rob Gronkowski,7600,NE@NYJ 01:00PM ET,19.554,NE
QB,Tom Brady,7500,NE@NYJ 01:00PM ET,25.521,NE
QB,Cam Newton,7500,Car@Atl 01:00PM ET,26.220,Car
WR,Allen Robinson,7500,Jax@NO 04:05PM ET,19.507,Jax
WR,Calvin Johnson,7400,SF@Det 01:00PM ET,15.429,Det
RB,Devonta Freeman,7400,Car@Atl 01:00PM ET,22.769,Atl
RB,Adrian Peterson,7300,NYG@Min 08:30PM ET,17.786,Min
WR,Mike Evans,7300,Chi@TB 01:00PM ET,15.585,TB
QB,Russell Wilson,7200,StL@Sea 04:25PM ET,21.980,Sea
WR,Alshon Jeffery,7200,Chi@TB 01:00PM ET,18.967,Chi
WR,Larry Fitzgerald,7100,GB@Ari 04:25PM ET,18.650,Ari
WR,A.J. Green,7100,Cin@Den 08:30PM ET,18.329,Cin
QB,Carson Palmer,7000,GB@Ari 04:25PM ET,23.106,Ari
QB,Aaron Rodgers,7000,GB@Ari 04:25PM ET,21.176,GB
TE,Greg Olsen,7000,Car@Atl 01:00PM ET,16.129,Car
WR,Julian Edelman,7000,NE@NYJ 01:00PM ET,19.611,NE
QB,Drew Brees,6800,Jax@NO 04:05PM ET,22.815,NO
QB,Ben Roethlisberger,6800,Pit@Bal 01:00PM ET,23.286,Pit
WR,Demaryius Thomas,6800,Cin@Den 08:30PM ET,17.343,Den
WR,Doug Baldwin,6700,StL@Sea 04:25PM ET,17.107,Sea
WR,Sammy Watkins,6700,Dal@Buf 01:00PM ET,17.527,Buf
RB,Doug Martin,6600,Chi@TB 01:00PM ET,15.786,TB
RB,LeSean McCoy,6600,Dal@Buf 01:00PM ET,15.808,Buf
RB,DeAngelo Williams,6500,Pit@Bal 01:00PM ET,14.714,Pit
RB,Matt Forte,6500,Chi@TB 01:00PM ET,17.091,Chi
RB,Marshawn Lynch,6500,StL@Sea 04:25PM ET,12.243,Sea
WR,Eric Decker,6500,NE@NYJ 01:00PM ET,17.462,NYJ
QB,Andrew Luck,6500,Ind@Mia 01:00PM ET,21.406,Ind
QB,Blake Bortles,6500,Jax@NO 04:05PM ET,22.596,Jax
RB,Lamar Miller,6400,Ind@Mia 01:00PM ET,15.493,Mia
WR,Jarvis Landry,6400,Ind@Mia 01:00PM ET,17.819,Mia
RB,Todd Gurley,6200,StL@Sea 04:25PM ET,17.367,StL
QB,Andy Dalton,6100,Cin@Den 08:30PM ET,20.400,Cin
QB,Matthew Stafford,6100,SF@Det 01:00PM ET,18.980,Det
WR,Randall Cobb,6100,GB@Ari 04:25PM ET,14.086,GB
RB,Jonathan Stewart,6000,Car@Atl 01:00PM ET,13.138,Car
WR,Jeremy Maclin,6000,Cle@KC 01:00PM ET,17.008,KC
WR,Brandin Cooks,5900,Jax@NO 04:05PM ET,16.507,NO
QB,Peyton Manning,5800,Cin@Den 08:30PM ET,12.422,Den
WR,Emmanuel Sanders,5800,Cin@Den 08:30PM ET,15.985,Den
WR,Golden Tate,5800,SF@Det 01:00PM ET,13.793,Det
WR,T.Y. Hilton,5800,Ind@Mia 01:00PM ET,14.186,Ind
RB,David Johnson48,5800,GB@Ari 04:25PM ET,13.514,Ari
RB,Charcandrick West,5700,Cle@KC 01:00PM ET,9.654,KC
TE,Delanie Walker,5600,Hou@Ten 01:00PM ET,16.192,Ten
QB,Tony Romo,5600,Dal@Buf 01:00PM ET,12.915,Dal
QB,Eli Manning,5600,NYG@Min 08:30PM ET,20.793,NYG
WR,Danny Amendola,5600,NE@NYJ 01:00PM ET,11.665,NE
WR,Martavis Bryant,5600,Pit@Bal 01:00PM ET,19.689,Pit
WR,Dez Bryant,5500,Dal@Buf 01:00PM ET,10.233,Dal
QB,Tyrod Taylor,5500,Dal@Buf 01:00PM ET,20.613,Buf
QB,Jameis Winston,5500,Chi@TB 01:00PM ET,18.341,TB
WR,Kamar Aiken,5400,Pit@Bal 01:00PM ET,12.443,Bal
RB,Denard Robinson,5400,Jax@NO 04:05PM ET,5.073,Jax
QB,Marcus Mariota,5400,Hou@Ten 01:00PM ET,19.668,Ten
TE,Benjamin Watson,5300,Jax@NO 04:05PM ET,12.721,NO
WR,John Brown,5300,GB@Ari 04:25PM ET,14.962,Ari
WR,Allen Hurns,5300,Jax@NO 04:05PM ET,15.592,Jax
QB,Jay Cutler,5200,Chi@TB 01:00PM ET,17.171,Chi
QB,Ryan Fitzpatrick,5200,NE@NYJ 01:00PM ET,19.116,NYJ
QB,Matt Ryan,5200,Car@Atl 01:00PM ET,16.303,Atl
QB,Brian Hoyer,5200,Hou@Ten 01:00PM ET,16.568,Hou
QB,Teddy Bridgewater,5200,NYG@Min 08:30PM ET,14.526,Min
QB,Matt Hasselbeck,5100,Ind@Mia 01:00PM ET,13.877,Ind
QB,Alex Smith,5100,Cle@KC 01:00PM ET,17.536,KC
QB,T.J. Yates,5100,Hou@Ten 01:00PM ET,6.200,Hou
QB,Case Keenum,5100,StL@Sea 04:25PM ET,7.165,StL
QB,Jimmy Clausen,5100,Pit@Bal 01:00PM ET,7.432,Bal
QB,Ryan Tannehill,5100,Ind@Mia 01:00PM ET,17.619,Mia
QB,Brandon Weeden,5100,Hou@Ten 01:00PM ET,9.464,Hou
QB,Zach Mettenberger,5100,Hou@Ten 01:00PM ET,6.584,Ten
QB,Brock Osweiler,5100,Cin@Den 08:30PM ET,14.291,Den
QB,AJ McCarron,5100,Cin@Den 08:30PM ET,6.112,Cin
TE,Julius Thomas,5100,Jax@NO 04:05PM ET,11.810,Jax
QB,Johnny Manziel,5100,Cle@KC 01:00PM ET,10.084,Cle
QB,Mike Vick,5000,Pit@Bal 01:00PM ET,6.348,Pit
QB,Matt Cassel,5000,Dal@Buf 01:00PM ET,8.204,Dal
QB,Charlie Whitehurst,5000,Ind@Mia 01:00PM ET,0.520,Ind
QB,Tarvaris Jackson,5000,StL@Sea 04:25PM ET,-0.080,Sea
QB,Derek Anderson,5000,Car@Atl 01:00PM ET,0.720,Car
QB,Dan Orlovsky,5000,SF@Det 01:00PM ET,3.680,Det
QB,Shaun Hill,5000,NYG@Min 08:30PM ET,0.250,Min
QB,Matt Moore,5000,Ind@Mia 01:00PM ET,0.360,Mia
QB,Drew Stanton,5000,GB@Ari 04:25PM ET,-0.092,Ari
QB,Matt Flynn,5000,Jax@NO 04:05PM ET,0,NO
QB,Matt Schaub,5000,Pit@Bal 01:00PM ET,16.800,Bal
QB,Chad Henne,5000,Jax@NO 04:05PM ET,0,Jax
QB,Josh Johnson,5000,Dal@Buf 01:00PM ET,0,Buf
QB,Joe Webb,5000,Car@Atl 01:00PM ET,-0.007,Car
QB,Chase Daniel,5000,Cle@KC 01:00PM ET,-0.020,KC
QB,Scott Tolzien,5000,GB@Ari 04:25PM ET,-0.150,GB
QB,Ryan Mallett,5000,Pit@Bal 01:00PM ET,7.983,Bal
QB,Kellen Moore,5000,Dal@Buf 01:00PM ET,7.320,Dal
QB,Austin Davis,5000,Cle@KC 01:00PM ET,7.690,Cle
QB,Nick Foles,5000,StL@Sea 04:25PM ET,9.825,StL
QB,Landry Jones,5000,Pit@Bal 01:00PM ET,3.860,Pit
QB,EJ Manuel,5000,Dal@Buf 01:00PM ET,7.140,Buf
QB,Blaine Gabbert,5000,SF@Det 01:00PM ET,17.663,SF
QB,Sean Renfree,5000,Car@Atl 01:00PM ET,-0.480,Atl
QB,Mike Glennon,5000,Chi@TB 01:00PM ET,0,TB
QB,Ryan Nassib,5000,NYG@Min 08:30PM ET,0,NYG
QB,Ryan Griffin107,5000,Chi@TB 01:00PM ET,0,TB
QB,Matt Barkley,5000,GB@Ari 04:25PM ET,0,Ari
QB,Aaron Murray,5000,Cle@KC 01:00PM ET,0,KC
QB,Bryce Petty,5000,NE@NYJ 01:00PM ET,0,NYJ
QB,Logan Thomas,5000,Ind@Mia 01:00PM ET,0,Mia
QB,David Fales,5000,Chi@TB 01:00PM ET,0,Chi
QB,Geno Smith,5000,NE@NYJ 01:00PM ET,21.000,NYJ
QB,Garrett Grayson,5000,Jax@NO 04:05PM ET,0.000,NO
QB,Keith Wenning,5000,Cin@Den 08:30PM ET,0,Cin
QB,Trevor Siemian,5000,Cin@Den 08:30PM ET,-0.100,Den
QB,Dylan Thompson,5000,SF@Det 01:00PM ET,0,SF
QB,Jimmy Garoppolo,5000,NE@NYJ 01:00PM ET,-0.125,NE
QB,Sean Mannion,5000,StL@Sea 04:25PM ET,1.240,StL
QB,Brett Hundley,5000,GB@Ari 04:25PM ET,0,GB
QB,Taylor Heinicke,5000,NYG@Min 08:30PM ET,0,Min
WR,Ted Ginn Jr.,4900,Car@Atl 01:00PM ET,13.214,Car
RB,Darren McFadden,4900,Dal@Buf 01:00PM ET,13.171,Dal
WR,Michael Floyd,4900,GB@Ari 04:25PM ET,12.708,Ari
RB,Eddie Lacy,4900,GB@Ari 04:25PM ET,9.977,GB
TE,Tyler Eifert,4900,Cin@Den 08:30PM ET,14.950,Cin
RB,Jeremy Hill,4900,Cin@Den 08:30PM ET,10.407,Cin
RB,T.J. Yeldon,4900,Jax@NO 04:05PM ET,13.492,Jax
TE,Gary Barnidge,4700,Cle@KC 01:00PM ET,16.000,Cle
RB,Chris Ivory,4700,NE@NYJ 01:00PM ET,15.185,NYJ
RB,James White,4700,NE@NYJ 01:00PM ET,8.550,NE
WR,Vincent Jackson,4500,Chi@TB 01:00PM ET,11.030,TB
RB,Tim Hightower,4500,Jax@NO 04:05PM ET,5.467,NO
WR,Brandon LaFell,4500,NE@NYJ 01:00PM ET,9.544,NE
RB,Shaun Draughn,4500,SF@Det 01:00PM ET,7.082,SF
RB,Mike Gillislee,4500,Dal@Buf 01:00PM ET,10.633,Buf
WR,Willie Snead,4500,Jax@NO 04:05PM ET,13.262,NO
WR,Tyler Lockett,4500,StL@Sea 04:25PM ET,11.200,Sea
RB,Karlos Williams,4500,Dal@Buf 01:00PM ET,11.433,Buf
RB,Christine Michael,4400,StL@Sea 04:25PM ET,2.450,Sea
WR,Stefon Diggs,4400,NYG@Min 08:30PM ET,13.418,Min
DST,Seahawks ,4300,StL@Sea 04:25PM ET,10.429,Sea
TE,Travis Kelce,4300,Cle@KC 01:00PM ET,12.586,KC
WR,Travis Benjamin,4300,Cle@KC 01:00PM ET,13.893,Cle
RB,Giovani Bernard,4300,Cin@Den 08:30PM ET,12.364,Cin
WR,Donte Moncrief,4300,Ind@Mia 01:00PM ET,12.500,Ind
RB,Cameron Artis-Payne,4300,Car@Atl 01:00PM ET,2.880,Car
DST,Chiefs ,4200,Cle@KC 01:00PM ET,11.000,KC
RB,Ronnie Hillman,4200,Cin@Den 08:30PM ET,9.964,Den
WR,Tavon Austin,4200,StL@Sea 04:25PM ET,13.121,StL
RB,Javorius Allen,4200,Pit@Bal 01:00PM ET,8.250,Bal
WR,Markus Wheaton,4100,Pit@Bal 01:00PM ET,9.436,Pit
RB,Theo Riddick,4100,SF@Det 01:00PM ET,11.243,Det
WR,DeVante Parker,4100,Ind@Mia 01:00PM ET,4.500,Mia
RB,Frank Gore,4000,Ind@Mia 01:00PM ET,11.807,Ind
WR,James Jones,4000,GB@Ari 04:25PM ET,12.229,GB
TE,Zach Miller,4000,Chi@TB 01:00PM ET,6.929,Chi
WR,Kendall Wright,4000,Hou@Ten 01:00PM ET,10.522,Ten
RB,Joique Bell,4000,SF@Det 01:00PM ET,7.973,Det
RB,Spencer Ware,4000,Cle@KC 01:00PM ET,7.856,KC
TE,Richard Rodgers,4000,GB@Ari 04:25PM ET,10.214,GB
WR,Dorial Green-Beckham,4000,Hou@Ten 01:00PM ET,7.771,Ten
TE,Jason Witten,3900,Dal@Buf 01:00PM ET,10.379,Dal
RB,Shane Vereen,3900,NYG@Min 08:30PM ET,9.979,NYG
RB,Bilal Powell,3900,NE@NYJ 01:00PM ET,12.110,NYJ
RB,Terrance West,3900,Pit@Bal 01:00PM ET,3.267,Bal
RB,James Starks,3800,GB@Ari 04:25PM ET,11.786,GB
RB,Brandon Bolden,3800,NE@NYJ 01:00PM ET,4.085,NE
RB,Joey Iosefa,3800,NE@NYJ 01:00PM ET,5.100,NE
RB,Ameer Abdullah,3800,SF@Det 01:00PM ET,7.436,Det
TE,Austin Seferian-Jenkins,3800,Chi@TB 01:00PM ET,12.000,TB
DST,Panthers ,3700,Car@Atl 01:00PM ET,10.714,Car
WR,Anquan Boldin,3700,SF@Det 01:00PM ET,12.592,SF
WR,Marvin Jones,3700,Cin@Den 08:30PM ET,11.343,Cin
RB,Alfred Blue,3700,Hou@Ten 01:00PM ET,7.236,Hou
WR,Rishard Matthews,3700,Ind@Mia 01:00PM ET,12.691,Mia
RB,Antonio Andrews,3700,Hou@Ten 01:00PM ET,9.303,Ten
RB,Isaiah Crowell,3700,Cle@KC 01:00PM ET,8.621,Cle
RB,C.J. Anderson,3700,Cin@Den 08:30PM ET,9.246,Den
RB,Duke Johnson Jr.,3700,Cle@KC 01:00PM ET,10.621,Cle
DST,Bengals ,3600,Cin@Den 08:30PM ET,9.143,Cin
RB,Fozzy Whittaker,3600,Car@Atl 01:00PM ET,2.100,Car
RB,Andre Ellington,3600,GB@Ari 04:25PM ET,8.538,Ari
RB,Bryce Brown,3600,StL@Sea 04:25PM ET,4.300,Sea
WR,Albert Wilson,3600,Cle@KC 01:00PM ET,6.867,KC
WR,Jeremy Butler,3600,Pit@Bal 01:00PM ET,8.133,Bal
WR,Davante Adams,3600,GB@Ari 04:25PM ET,8.155,GB
WR,Marques Colston,3500,Jax@NO 04:05PM ET,9.538,NO
RB,Rashad Jennings,3500,NYG@Min 08:30PM ET,9.193,NYG
RB,Fred Jackson,3500,StL@Sea 04:25PM ET,4.764,Sea
RB,C.J. Spiller,3500,Jax@NO 04:05PM ET,6.238,NO
WR,Kenny Britt,3500,StL@Sea 04:25PM ET,7.150,StL
WR,Rueben Randle,3500,NYG@Min 08:30PM ET,10.986,NYG
TE,Will Tye,3500,NYG@Min 08:30PM ET,7.445,NYG
WR,Robert Woods,3500,Dal@Buf 01:00PM ET,8.729,Buf
WR,Brandon Coleman,3500,Jax@NO 04:05PM ET,4.700,NO
RB,Jerick McKinnon,3500,NYG@Min 08:30PM ET,3.707,Min
DST,Broncos ,3400,Cin@Den 08:30PM ET,12.000,Den
TE,Heath Miller,3400,Pit@Bal 01:00PM ET,8.462,Pit
WR,Andre Johnson,3400,Ind@Mia 01:00PM ET,6.700,Ind
WR,Mike Wallace,3400,NYG@Min 08:30PM ET,6.614,Min
RB,Jeremy Langford,3400,Chi@TB 01:00PM ET,10.064,Chi
WR,Corey Brown,3400,Car@Atl 01:00PM ET,7.317,Car
RB,Tevin Coleman,3400,Car@Atl 01:00PM ET,4.050,Atl
WR,Devin Funchess,3400,Car@Atl 01:00PM ET,5.950,Car
DST,Cardinals ,3300,GB@Ari 04:25PM ET,9.857,Ari
WR,Harry Douglas,3300,Hou@Ten 01:00PM ET,5.892,Ten
RB,Robert Turbin,3300,Dal@Buf 01:00PM ET,3.925,Dal
RB,Chris Polk,3300,Hou@Ten 01:00PM ET,5.238,Hou
WR,Terrance Williams,3300,Dal@Buf 01:00PM ET,8.464,Dal
RB,Derrick Coleman,3300,StL@Sea 04:25PM ET,0.350,Sea
TE,Kyle Rudolph,3300,NYG@Min 08:30PM ET,8.443,Min
RB,Charles Sims,3300,Chi@TB 01:00PM ET,10.243,TB
RB,Orleans Darkwa,3300,NYG@Min 08:30PM ET,1.714,NYG
WR,Cecil Shorts III,3300,Hou@Ten 01:00PM ET,10.085,Hou
WR,Adam Humphries,3300,Chi@TB 01:00PM ET,5.182,TB
DST,Bills ,3200,Dal@Buf 01:00PM ET,5.643,Buf
DST,Patriots ,3200,NE@NYJ 01:00PM ET,8.714,NE
WR,Roddy White,3200,Car@Atl 01:00PM ET,6.136,Atl
WR,Nate Washington,3200,Hou@Ten 01:00PM ET,10.667,Hou
TE,Jacob Tamme,3200,Car@Atl 01:00PM ET,8.977,Atl
WR,Eddie Royal,3200,Chi@TB 01:00PM ET,7.450,Chi
RB,Daniel Herron,3200,Ind@Mia 01:00PM ET,2.475,Ind
WR,Torrey Smith,3200,SF@Det 01:00PM ET,7.636,SF
WR,Jermaine Kearse,3200,StL@Sea 04:25PM ET,8.950,Sea
WR,Cole Beasley,3200,Dal@Buf 01:00PM ET,7.814,Dal
WR,Kenny Stills,3200,Ind@Mia 01:00PM ET,5.893,Mia
WR,Daniel Brown,3200,Pit@Bal 01:00PM ET,3.100,Bal
WR,Quinton Patton,3200,SF@Det 01:00PM ET,4.843,SF
DST,Steelers ,3100,Pit@Bal 01:00PM ET,9.143,Pit
WR,Chris Givens,3100,Pit@Bal 01:00PM ET,4.354,Bal
WR,Greg Jennings,3000,Ind@Mia 01:00PM ET,2.457,Mia
WR,Lance Moore,3000,SF@Det 01:00PM ET,7.258,Det
WR,Jason Avant,3000,Cle@KC 01:00PM ET,1.671,KC
TE,Vernon Davis,3000,Cin@Den 08:30PM ET,5.962,Den
TE,Scott Chandler,3000,NE@NYJ 01:00PM ET,5.608,NE
WR,Devin Hester,3000,Car@Atl 01:00PM ET,0.000,Atl
WR,Andre Caldwell,3000,Cin@Den 08:30PM ET,2.269,Den
WR,Dwayne Bowe,3000,Cle@KC 01:00PM ET,1.717,Cle
RB,Tyler Clutts,3000,Dal@Buf 01:00PM ET,0.100,Dal
WR,Eric Weems,3000,Car@Atl 01:00PM ET,0.179,Atl
WR,Matthew Slater,3000,NE@NYJ 01:00PM ET,0.000,NE
WR,Jerricho Cotchery,3000,Car@Atl 01:00PM ET,7.158,Car
WR,Wes Welker,3000,StL@Sea 04:25PM ET,3.050,StL
RB,Jerome Felton,3000,Dal@Buf 01:00PM ET,0.171,Buf
WR,Marcus Thigpen,3000,Dal@Buf 01:00PM ET,-0.233,Buf
RB,Cedric Peerman,3000,Cin@Den 08:30PM ET,0.000,Cin
WR,Jerome Simpson,3000,SF@Det 01:00PM ET,3.280,SF
RB,Mike Tolbert,3000,Car@Atl 01:00PM ET,5.050,Car
WR,Andrew Hawkins,3000,Cle@KC 01:00PM ET,6.950,Cle
WR,Darrius Heyward-Bey,3000,Pit@Bal 01:00PM ET,3.786,Pit
RB,John Kuhn,3000,GB@Ari 04:25PM ET,1.600,GB
WR,Marlon Moore,3000,Cle@KC 01:00PM ET,1.554,Cle
WR,Brandon Tate,3000,Cin@Den 08:30PM ET,0.993,Cin
RB,Antone Smith,3000,Chi@TB 01:00PM ET,0.220,Chi
RB,Jorvorskie Lane,3000,Chi@TB 01:00PM ET,0.236,TB
WR,Jordan Norwood,3000,Cin@Den 08:30PM ET,3.022,Den
WR,Hakeem Nicks,3000,NYG@Min 08:30PM ET,1.650,NYG
WR,Dwayne Harris,3000,NYG@Min 08:30PM ET,7.943,NYG
RB,Bruce Miller,3000,SF@Det 01:00PM ET,2.050,SF
WR,Marc Mariani,3000,Chi@TB 01:00PM ET,2.271,Chi
WR,Bryan Walters,3000,Jax@NO 04:05PM ET,6.800,Jax
WR,Jacoby Jones,3000,Pit@Bal 01:00PM ET,-0.111,Pit
RB,Boobie Dixon,3000,Dal@Buf 01:00PM ET,1.443,Buf
RB,Chase Reynolds,3000,StL@Sea 04:25PM ET,0.000,StL
WR,Marcus Easley,3000,Dal@Buf 01:00PM ET,1.067,Buf
RB,Stevan Ridley,3000,NE@NYJ 01:00PM ET,0.614,NYJ
RB,Matt Asiata,3000,NYG@Min 08:30PM ET,3.000,Min
WR,Charles Johnson,3000,NYG@Min 08:30PM ET,1.973,Min
WR,Brian Quick,3000,StL@Sea 04:25PM ET,1.300,StL
WR,Deonte Thompson,3000,Chi@TB 01:00PM ET,0.920,Chi
RB,Kendall Hunter,3000,Jax@NO 04:05PM ET,0.200,NO
WR,Leonard Hankerson,3000,NE@NYJ 01:00PM ET,8.856,NE
RB,Joe Banyard,3000,Jax@NO 04:05PM ET,0.000,Jax
WR,Jeremy Kerley,3000,NE@NYJ 01:00PM ET,3.086,NYJ
TE,Charles Clay,3000,Dal@Buf 01:00PM ET,9.600,Buf
RB,Travaris Cadet,3000,SF@Det 01:00PM ET,3.280,SF
RB,Anthony Sherman,3000,Cle@KC 01:00PM ET,0.236,KC
RB,Will Tukuafu,3000,StL@Sea 04:25PM ET,0.550,Sea
RB,Will Johnson,3000,Pit@Bal 01:00PM ET,0.879,Pit
RB,Bobby Rainey,3000,Chi@TB 01:00PM ET,0.457,TB
RB,Patrick DiMarco,3000,Car@Atl 01:00PM ET,2.450,Atl
RB,George Winn,3000,SF@Det 01:00PM ET,0.014,Det
RB,Austin Johnson,3000,Jax@NO 04:05PM ET,1.375,NO
WR,Terrelle Pryor,3000,Cle@KC 01:00PM ET,-0.050,Cle
WR,Brice Butler,3000,Dal@Buf 01:00PM ET,3.280,Dal
RB,Zach Line,3000,NYG@Min 08:30PM ET,2.443,Min
WR,Griff Whalen,3000,Ind@Mia 01:00PM ET,3.107,Ind
WR,Brenton Bersin,3000,Car@Atl 01:00PM ET,2.050,Car
RB,Jonathan Grimes,3000,Hou@Ten 01:00PM ET,5.133,Hou
WR,Frankie Hammond Jr.,3000,Cle@KC 01:00PM ET,-0.143,KC
WR,Jaron Brown,3000,GB@Ari 04:25PM ET,2.243,Ari
WR,T.J. Graham,3000,Jax@NO 04:05PM ET,1.600,NO
RB,Glenn Winston,3000,Cle@KC 01:00PM ET,-0.600,Cle
WR,Keshawn Martin,3000,NE@NYJ 01:00PM ET,6.671,NE
WR,Myles White,3000,NYG@Min 08:30PM ET,1.040,NYG
RB,Jordan Todman,3000,Pit@Bal 01:00PM ET,0.200,Pit
WR,Jarius Wright,3000,NYG@Min 08:30PM ET,4.807,Min
WR,Damaris Johnson,3000,Hou@Ten 01:00PM ET,0.600,Ten
RB,Jonas Gray,3000,Jax@NO 04:05PM ET,4.233,Jax
WR,Russell Shepard,3000,Chi@TB 01:00PM ET,0.818,TB
WR,Mohamed Sanu,3000,Cin@Den 08:30PM ET,5.421,Cin
RB,Zurlon Tipton,3000,Ind@Mia 01:00PM ET,1.270,Ind
RB,Knile Davis,3000,Cle@KC 01:00PM ET,1.467,KC
RB,Tommy Bohanon,3000,NE@NYJ 01:00PM ET,0.700,NYJ
RB,Toben Opurum,3000,Jax@NO 04:05PM ET,0.000,NO
RB,Rex Burkhead,3000,Cin@Den 08:30PM ET,1.643,Cin
RB,Benny Cunningham,3000,StL@Sea 04:25PM ET,3.600,StL
RB,Kendall Gaskins,3000,SF@Det 01:00PM ET,2.500,SF
RB,Nikita Whitlock,3000,NYG@Min 08:30PM ET,0.000,NYG
RB,Kyle Juszczyk,3000,Pit@Bal 01:00PM ET,5.507,Bal
RB,Stepfan Taylor,3000,GB@Ari 04:25PM ET,0.514,Ari
RB,Kerwynn Williams,3000,GB@Ari 04:25PM ET,4.500,Ari
RB,Brandon Wegher,3000,Car@Atl 01:00PM ET,0,Car
WR,Kevin Norwood,3000,Car@Atl 01:00PM ET,0.000,Car
RB,Fitzgerald Toussaint,3000,Pit@Bal 01:00PM ET,0.400,Pit
WR,Bennie Fowler,3000,Cin@Den 08:30PM ET,2.336,Den
WR,Jared Abbrederis,3000,GB@Ari 04:25PM ET,2.325,GB
WR,Nick Williams,3000,Car@Atl 01:00PM ET,3.742,Atl
WR,Devin Street,3000,Dal@Buf 01:00PM ET,1.638,Dal
WR,Marlon Brown,3000,Pit@Bal 01:00PM ET,2.520,Bal
WR,Chris Matthews,3000,Pit@Bal 01:00PM ET,1.282,Bal
WR,Quincy Enunwa,3000,NE@NYJ 01:00PM ET,4.310,NYJ
RB,Jay Prosch,3000,Hou@Ten 01:00PM ET,0.236,Hou
RB,Jalston Fowler,3000,Hou@Ten 01:00PM ET,1.621,Ten
WR,TJ Jones,3000,SF@Det 01:00PM ET,2.250,Det
WR,Kenbrell Thompkins,3000,NE@NYJ 01:00PM ET,5.360,NYJ
RB,Roosevelt Nix,3000,Pit@Bal 01:00PM ET,0.257,Pit
RB,Andre Williams,3000,NYG@Min 08:30PM ET,2.307,NYG
RB,Rod Smith,3000,Dal@Buf 01:00PM ET,0.233,Dal
WR,Joshua Bellamy,3000,Chi@TB 01:00PM ET,2.607,Chi
WR,Neal Sterling,3000,Jax@NO 04:05PM ET,0.000,Jax
WR,Andrew Turzilli,3000,Hou@Ten 01:00PM ET,2.250,Ten
RB,Juwan Thompson,3000,Cin@Den 08:30PM ET,1.223,Den
RB,Michael Burton,3000,SF@Det 01:00PM ET,1.021,Det
WR,DeAndrew White,3000,SF@Det 01:00PM ET,0.950,SF
WR,Kaelin Clay,3000,Pit@Bal 01:00PM ET,1.200,Bal
WR,Matt Hazel,3000,Ind@Mia 01:00PM ET,0.000,Mia
WR,Keith Mumphery,3000,Hou@Ten 01:00PM ET,1.921,Hou
WR,Justin Hardy,3000,Car@Atl 01:00PM ET,4.214,Atl
WR,J.J. Nelson,3000,GB@Ari 04:25PM ET,6.100,Ari
WR,Kevin Smith,3000,StL@Sea 04:25PM ET,0.920,Sea
WR,Corey Fuller,3000,SF@Det 01:00PM ET,0.883,Det
WR,Geremy Davis,3000,NYG@Min 08:30PM ET,0.410,NYG
WR,Cameron Meredith,3000,Chi@TB 01:00PM ET,2.122,Chi
WR,Chris Hogan,3000,Dal@Buf 01:00PM ET,6.147,Buf
RB,Terrence Magee,3000,Pit@Bal 01:00PM ET,0.567,Bal
RB,Terron Ward,3000,Car@Atl 01:00PM ET,2.764,Atl
RB,David Cobb,3000,Hou@Ten 01:00PM ET,1.100,Ten
RB,Jay Ajayi,3000,Ind@Mia 01:00PM ET,5.743,Mia
WR,Chris Conley,3000,Cle@KC 01:00PM ET,2.764,KC
WR,Quan Bray,3000,Ind@Mia 01:00PM ET,0.000,Ind
RB,Tre Mason,3000,StL@Sea 04:25PM ET,3.682,StL
WR,Sammie Coates,3000,Pit@Bal 01:00PM ET,0.300,Pit
RB,Ka'Deem Carey,3000,Chi@TB 01:00PM ET,2.456,Chi
WR,Tre McBride,3000,Hou@Ten 01:00PM ET,0.000,Ten
WR,Phillip Dorsett,3000,Ind@Mia 01:00PM ET,3.800,Ind
WR,Ty Montgomery,3000,GB@Ari 04:25PM ET,7.000,GB
WR,Marqise Lee,3000,Jax@NO 04:05PM ET,3.175,Jax
WR,Bruce Ellington,3000,SF@Det 01:00PM ET,1.282,SF
RB,Aaron Ripkowski,3000,GB@Ari 04:25PM ET,0.215,GB
WR,Bradley Marquez,3000,StL@Sea 04:25PM ET,1.557,StL
WR,Rashad Greene,3000,Jax@NO 04:05PM ET,6.229,Jax
RB,Akeem Hunt,3000,Hou@Ten 01:00PM ET,2.220,Hou
RB,Raheem Mostert,3000,Cle@KC 01:00PM ET,0.000,Cle
WR,De'Anthony Thomas,3000,Cle@KC 01:00PM ET,4.540,KC
RB,Bishop Sankey,3000,Hou@Ten 01:00PM ET,4.382,Ten
WR,Cody Latimer,3000,Cin@Den 08:30PM ET,1.385,Den
WR,Rannell Hall,3000,Cle@KC 01:00PM ET,0,Cle
WR,Brittan Golden,3000,GB@Ari 04:25PM ET,0.000,Ari
RB,Daryl Richardson,3000,Cle@KC 01:00PM ET,0,Cle
TE,Maxx Williams,3000,Pit@Bal 01:00PM ET,4.158,Bal
WR,Cordarrelle Patterson,3000,NYG@Min 08:30PM ET,1.179,Min
RB,Damien Williams,3000,Ind@Mia 01:00PM ET,2.279,Mia
RB,John Crockett,3000,GB@Ari 04:25PM ET,2.200,GB
WR,Lucky Whitehead,3000,Dal@Buf 01:00PM ET,1.408,Dal
WR,Jaelen Strong,3000,Hou@Ten 01:00PM ET,4.088,Hou
WR,Adam Thielen,3000,NYG@Min 08:30PM ET,1.750,Min
WR,Mario Alford,3000,Cin@Den 08:30PM ET,2.500,Cin
WR,Taylor Gabriel,3000,Cle@KC 01:00PM ET,4.827,Cle
WR,Jeff Janis,3000,GB@Ari 04:25PM ET,0.707,GB
WR,Donteea Dye,3000,Chi@TB 01:00PM ET,2.575,TB
TE,Ed Dickson,2900,Car@Atl 01:00PM ET,3.221,Car
TE,Crockett Gillmore,2900,Pit@Bal 01:00PM ET,10.120,Bal
TE,Eric Ebron,2900,SF@Det 01:00PM ET,9.025,Det
DST,Texans ,2800,Hou@Ten 01:00PM ET,7.143,Hou
DST,Lions ,2800,SF@Det 01:00PM ET,5.643,Det
DST,Jets ,2800,NE@NYJ 01:00PM ET,7.643,NYJ
TE,Jared Cook,2800,StL@Sea 04:25PM ET,6.186,StL
DST,Rams ,2700,StL@Sea 04:25PM ET,8.357,StL
DST,Dolphins ,2700,Ind@Mia 01:00PM ET,6.214,Mia
TE,Coby Fleener,2700,Ind@Mia 01:00PM ET,7.000,Ind
DST,Packers ,2500,GB@Ari 04:25PM ET,7.643,GB
DST,Vikings ,2500,NYG@Min 08:30PM ET,7.500,Min
DST,Buccaneers ,2500,Chi@TB 01:00PM ET,7.071,TB
TE,Mike Leach,2500,GB@Ari 04:25PM ET,0.000,Ari
TE,Owen Daniels,2500,Cin@Den 08:30PM ET,7.443,Den
TE,Craig Stevens,2500,Hou@Ten 01:00PM ET,2.450,Ten
TE,Marcedes Lewis,2500,Jax@NO 04:05PM ET,2.200,Jax
TE,Matt Spaeth,2500,Pit@Bal 01:00PM ET,0.273,Pit
TE,Clark Harris,2500,Cin@Den 08:30PM ET,0.000,Cin
TE,Anthony Fasano,2500,Hou@Ten 01:00PM ET,4.486,Ten
TE,Kellen Davis,2500,NE@NYJ 01:00PM ET,0.771,NYJ
TE,Brandon Myers,2500,Chi@TB 01:00PM ET,2.245,TB
TE,Darren Fells,2500,GB@Ari 04:25PM ET,5.700,Ari
TE,Bear Pascoe,2500,SF@Det 01:00PM ET,0.000,Det
TE,Tony Moeaki,2500,Car@Atl 01:00PM ET,0.233,Atl
TE,Clay Harbor,2500,Jax@NO 04:05PM ET,2.338,Jax
TE,Chase Coffman,2500,StL@Sea 04:25PM ET,8.200,Sea
TE,Garrett Graham,2500,Hou@Ten 01:00PM ET,1.625,Hou
TE,Andrew DePaola,2500,Chi@TB 01:00PM ET,0.000,TB
TE,Anthony McCoy,2500,StL@Sea 04:25PM ET,0.000,Sea
TE,Jim Dray,2500,Cle@KC 01:00PM ET,0.664,Cle
TE,Virgil Green,2500,Cin@Den 08:30PM ET,2.221,Den
TE,Richard Gordon,2500,Pit@Bal 01:00PM ET,0.000,Bal
TE,Rob Housler,2500,Chi@TB 01:00PM ET,0.438,Chi
TE,Kyle Nelson,2500,SF@Det 01:00PM ET,0.000,SF
TE,Lance Kendricks,2500,StL@Sea 04:25PM ET,4.062,StL
TE,Jermaine Gresham,2500,GB@Ari 04:25PM ET,3.000,Ari
TE,Jeff Cumberland,2500,NE@NYJ 01:00PM ET,0.977,NYJ
TE,Michael Hoomanawanui,2500,Jax@NO 04:05PM ET,2.125,NO
TE,Luke Stocker,2500,Chi@TB 01:00PM ET,1.508,TB
TE,Konrad Reuland,2500,Pit@Bal 01:00PM ET,0.000,Bal
TE,Jordan Cameron,2500,Ind@Mia 01:00PM ET,5.471,Mia
TE,Rhett Ellison,2500,NYG@Min 08:30PM ET,2.200,Min
TE,Patrick Scales,2500,Chi@TB 01:00PM ET,0.000,Chi
TE,James Hanna,2500,Dal@Buf 01:00PM ET,0.758,Dal
TE,Jake Stoneburner,2500,Ind@Mia 01:00PM ET,2.411,Mia
TE,Cory Harkey,2500,StL@Sea 04:25PM ET,0.386,StL
TE,Beau Brinkley,2500,Hou@Ten 01:00PM ET,0.000,Ten
TE,Dwayne Allen,2500,Ind@Mia 01:00PM ET,2.750,Ind
TE,Kevin McDermott,2500,NYG@Min 08:30PM ET,0.000,Min
TE,Tim Wright,2500,SF@Det 01:00PM ET,2.971,Det
TE,Ryan Griffin434,2500,Hou@Ten 01:00PM ET,7.014,Hou
TE,Michael Williams,2500,NE@NYJ 01:00PM ET,0.431,NE
TE,Chris Gragg,2500,Dal@Buf 01:00PM ET,2.100,Buf
TE,Luke Willson,2500,StL@Sea 04:25PM ET,3.408,Sea
TE,Josh Hill,2500,Jax@NO 04:05PM ET,2.529,NO
TE,James Winchester,2500,Cle@KC 01:00PM ET,0.000,KC
TE,Jack Doyle,2500,Ind@Mia 01:00PM ET,1.514,Ind
TE,Vance McDonald,2500,SF@Det 01:00PM ET,4.733,SF
TE,Justin Perillo,2500,GB@Ari 04:25PM ET,3.022,GB
TE,Ryan Hewitt,2500,Cin@Den 08:30PM ET,1.279,Cin
TE,Levine Toilolo,2500,Car@Atl 01:00PM ET,0.829,Atl
TE,Gavin Escobar,2500,Dal@Buf 01:00PM ET,1.386,Dal
TE,Dion Sims,2500,Ind@Mia 01:00PM ET,2.445,Mia
TE,Jerome Cunningham,2500,NYG@Min 08:30PM ET,1.400,NYG
TE,Nic Jacobs,2500,Jax@NO 04:05PM ET,0.145,Jax
TE,Cooper Helfet,2500,StL@Sea 04:25PM ET,0.792,Sea
TE,Blake Bell,2500,SF@Det 01:00PM ET,2.675,SF
TE,MyCole Pruitt,2500,NYG@Min 08:30PM ET,1.350,Min
TE,Cameron Brate,2500,Chi@TB 01:00PM ET,5.183,TB
TE,C.J. Fiedorowicz,2500,Hou@Ten 01:00PM ET,2.407,Hou
TE,Asante Cleveland,2500,NE@NYJ 01:00PM ET,0.275,NE
TE,Brian Parker,2500,Cle@KC 01:00PM ET,0.229,KC
TE,Scott Simonson,2500,Car@Atl 01:00PM ET,0.286,Car
TE,Tyler Kroft,2500,Cin@Den 08:30PM ET,1.521,Cin
TE,C.J. Uzomah,2500,Cin@Den 08:30PM ET,0.467,Cin
TE,Demetrius Harris,2500,Cle@KC 01:00PM ET,0.850,KC
TE,Nick O'Leary,2500,Dal@Buf 01:00PM ET,2.350,Buf
TE,Kennard Backman,2500,GB@Ari 04:25PM ET,0.000,GB
TE,Troy Niklas,2500,GB@Ari 04:25PM ET,1.250,Ari
TE,Phillip Supernaw,2500,Hou@Ten 01:00PM ET,0.371,Ten
TE,Jesse James,2500,Pit@Bal 01:00PM ET,3.383,Pit
TE,Brian Leonhardt,2500,SF@Det 01:00PM ET,0.700,SF
TE,Geoff Swaim,2500,Dal@Buf 01:00PM ET,0.500,Dal
TE,E.J. Bibbs,2500,Cle@KC 01:00PM ET,0.340,Cle
TE,Khari Lee,2500,Chi@TB 01:00PM ET,0.121,Chi
DST,Colts ,2300,Ind@Mia 01:00PM ET,6.786,Ind
DST,49ers ,2300,SF@Det 01:00PM ET,4.857,SF
DST,Falcons ,2200,Car@Atl 01:00PM ET,5.786,Atl
DST,Bears ,2200,Chi@TB 01:00PM ET,4.857,Chi
DST,Browns ,2200,Cle@KC 01:00PM ET,5.500,Cle
DST,Giants ,2200,NYG@Min 08:30PM ET,8.143,NYG
DST,Jaguars ,2200,Jax@NO 04:05PM ET,6.857,Jax
DST,Saints ,2100,Jax@NO 04:05PM ET,4.714,NO
DST,Cowboys ,2000,Dal@Buf 01:00PM ET,5.214,Dal
DST,Titans ,2000,Hou@Ten 01:00PM ET,6.000,Ten
DST,Ravens ,2000,Pit@Bal 01:00PM ET,6.429,Bal
