"Position","Name","Salary","GameInfo","AvgPointsPerGame"
"WR","Julio Jones",9300,"Phi@Atl 07:10PM ET",21.293
"WR","Odell Beckham Jr.",9200,"NYG@Dal 08:30PM ET",26.417
"WR","Demaryius Thomas",9100,"Bal@Den 04:25PM ET",22.812
"WR","Dez Bryant",8700,"NYG@Dal 08:30PM ET",19.033
"QB","Aaron Rodgers",8600,"GB@Chi 01:00PM ET",23.428
"WR","Calvin Johnson",8500,"Det@SD 04:05PM ET",18.229
"WR","Jordy Nelson",8400,"GB@Chi 01:00PM ET",20.289
"QB","Andrew Luck",8300,"Ind@Buf 01:00PM ET",23.743
"WR","Alshon Jeffery",8300,"GB@Chi 01:00PM ET",16.913
"QB","Peyton Manning",8200,"Bal@Den 04:25PM ET",21.301
"QB","Drew Brees",8000,"NO@Ari 04:05PM ET",21.749
"WR","Randall Cobb",8000,"GB@Chi 01:00PM ET",19.594
"RB","Jamaal Charles",7900,"KC@Hou 01:00PM ET",17.093
"WR","Emmanuel Sanders",7900,"Bal@Den 04:25PM ET",19.671
"RB","Matt Forte",7800,"GB@Chi 01:00PM ET",22.538
"QB","Russell Wilson",7800,"Sea@StL 01:00PM ET",21.910
"WR","A.J. Green",7800,"Cin@Oak 04:25PM ET",17.100
"RB","Adrian Peterson",7700,"Min@SF 10:20PM ET",11.300
"WR","Mike Evans",7700,"Ten@TB 04:25PM ET",16.940
"RB","Arian Foster",7600,"KC@Hou 01:00PM ET",22.808
"QB","Cam Newton",7600,"Car@Jax 01:00PM ET",19.246
"WR","T.Y. Hilton",7600,"Ind@Buf 01:00PM ET",17.372
"QB","Matt Ryan",7500,"Phi@Atl 07:10PM ET",19.891
"RB","Eddie Lacy",7500,"GB@Chi 01:00PM ET",17.167
"QB","Eli Manning",7400,"NYG@Dal 08:30PM ET",18.906
"QB","Ryan Tannehill",7400,"Mia@Was 01:00PM ET",18.719
"WR","DeAndre Hopkins",7400,"KC@Hou 01:00PM ET",15.250
"QB","Tony Romo",7300,"NYG@Dal 08:30PM ET",18.656
"RB","Marshawn Lynch",7300,"Sea@StL 01:00PM ET",19.839
"WR","Kelvin Benjamin",7300,"Car@Jax 01:00PM ET",14.978
"RB","LeSean McCoy",7200,"Ind@Buf 01:00PM ET",13.400
"WR","Jordan Matthews",7200,"Phi@Atl 07:10PM ET",13.200
"QB","Philip Rivers",7100,"Det@SD 04:05PM ET",18.603
"WR","Keenan Allen",7100,"Det@SD 04:05PM ET",13.307
"WR","Brandin Cooks",7100,"NO@Ari 04:05PM ET",13.930
"RB","Jeremy Hill",7100,"Cin@Oak 04:25PM ET",14.035
"QB","Matthew Stafford",7000,"Det@SD 04:05PM ET",17.435
"QB","Colin Kaepernick",7000,"Min@SF 10:20PM ET",16.979
"WR","Sammy Watkins",7000,"Ind@Buf 01:00PM ET",13.188
"RB","C.J. Anderson",7000,"Bal@Den 04:25PM ET",14.638
"QB","Sam Bradford",6900,"Phi@Atl 07:10PM ET",0
"WR","Jeremy Maclin",6900,"KC@Hou 01:00PM ET",18.050
"QB","Jay Cutler",6800,"GB@Chi 01:00PM ET",19.439
"WR","DeSean Jackson",6800,"Mia@Was 01:00PM ET",15.173
"QB","Joe Flacco",6700,"Bal@Den 04:25PM ET",18.571
"RB","DeMarco Murray",6700,"Phi@Atl 07:10PM ET",24.033
"WR","Amari Cooper",6700,"Cin@Oak 04:25PM ET",0
"WR","Brandon Marshall",6600,"Cle@NYJ 01:00PM ET",14.315
"QB","Teddy Bridgewater",6600,"Min@SF 10:20PM ET",15.435
"WR","Roddy White",6500,"Phi@Atl 07:10PM ET",15.650
"QB","Carson Palmer",6500,"NO@Ari 04:05PM ET",18.923
"WR","Steve Smith Sr.",6400,"Bal@Den 04:25PM ET",14.667
"QB","Robert Griffin III",6400,"Mia@Was 01:00PM ET",11.151
"RB","Andre Ellington",6400,"NO@Ari 04:05PM ET",15.208
"WR","Golden Tate",6300,"Det@SD 04:05PM ET",17.353
"QB","Geno Smith",6300,"Cle@NYJ 01:00PM ET",12.343
"WR","Anquan Boldin",6200,"Min@SF 10:20PM ET",13.913
"QB","Alex Smith",6200,"KC@Hou 01:00PM ET",15.333
"RB","Justin Forsett",6200,"Bal@Den 04:25PM ET",16.233
"WR","Andre Johnson",6100,"Ind@Buf 01:00PM ET",13.107
"QB","Andy Dalton",6100,"Cin@Oak 04:25PM ET",15.425
"QB","Derek Carr",6100,"Cin@Oak 04:25PM ET",13.188
"WR","Marques Colston",6000,"NO@Ari 04:05PM ET",11.513
"WR","Vincent Jackson",6000,"Ten@TB 04:25PM ET",11.888
"WR","Eric Decker",6000,"Cle@NYJ 01:00PM ET",13.747
"WR","Mike Wallace",6000,"Min@SF 10:20PM ET",13.550
"QB","Marcus Mariota",6000,"Ten@TB 04:25PM ET",0
"QB","Jameis Winston",6000,"Ten@TB 04:25PM ET",0
"WR","Torrey Smith",5900,"Min@SF 10:20PM ET",11.761
"RB","Joseph Randle",5900,"NYG@Dal 08:30PM ET",3.228
"QB","Blake Bortles",5900,"Car@Jax 01:00PM ET",13.516
"QB","Matt Cassel",5800,"Ind@Buf 01:00PM ET",8.933
"RB","Jonathan Stewart",5800,"Car@Jax 01:00PM ET",12.227
"WR","Michael Floyd",5800,"NO@Ari 04:05PM ET",10.300
"RB","Latavius Murray",5700,"Cin@Oak 04:25PM ET",5.913
"WR","Nelson Agholor",5700,"Phi@Atl 07:10PM ET",0
"QB","Michael Vick",5600,"Cle@NYJ 01:00PM ET",4.746
"TE","Jimmy Graham",5600,"Sea@StL 01:00PM ET",14.681
"RB","Mark Ingram",5600,"NO@Ari 04:05PM ET",15.762
"WR","Jarvis Landry",5600,"Mia@Was 01:00PM ET",11.588
"QB","Ryan Fitzpatrick",5500,"Cle@NYJ 01:00PM ET",15.977
"WR","Larry Fitzgerald",5500,"NO@Ari 04:05PM ET",10.967
"RB","Alfred Morris",5500,"Mia@Was 01:00PM ET",11.931
"RB","Lamar Miller",5500,"Mia@Was 01:00PM ET",14.525
"RB","Melvin Gordon",5500,"Det@SD 04:05PM ET",0
"RB","T.J. Yeldon",5500,"Car@Jax 01:00PM ET",0
"RB","Frank Gore",5400,"Ind@Buf 01:00PM ET",10.794
"QB","Mark Sanchez",5400,"Phi@Atl 07:10PM ET",18.380
"WR","Allen Robinson",5400,"Car@Jax 01:00PM ET",11.680
"TE","Greg Olsen",5300,"Car@Jax 01:00PM ET",13.683
"WR","Malcom Floyd",5300,"Det@SD 04:05PM ET",11.038
"QB","Nick Foles",5300,"Sea@StL 01:00PM ET",18.040
"RB","Carlos Hyde",5300,"Min@SF 10:20PM ET",5.364
"QB","Josh McCown",5200,"Cle@NYJ 01:00PM ET",13.722
"WR","Pierre Garcon",5200,"Mia@Was 01:00PM ET",10.263
"RB","Joique Bell",5200,"Det@SD 04:05PM ET",13.231
"WR","Victor Cruz",5100,"NYG@Dal 08:30PM ET",11.450
"QB","Brian Hoyer",5100,"KC@Hou 01:00PM ET",12.853
"RB","Rashad Jennings",5100,"NYG@Dal 08:30PM ET",12.955
"QB","Ryan Mallett",5100,"KC@Hou 01:00PM ET",7.267
"WR","Kendall Wright",5100,"Ten@TB 04:25PM ET",12.279
"QB","EJ Manuel",5100,"Ind@Buf 01:00PM ET",12.344
"WR","Rueben Randle",5100,"NYG@Dal 08:30PM ET",11.988
"QB","Matt Hasselbeck",5000,"Ind@Buf 01:00PM ET",4.485
"QB","Charlie Whitehurst",5000,"Ten@TB 04:25PM ET",12.720
"QB","Tarvaris Jackson",5000,"Sea@StL 01:00PM ET",0.000
"QB","Derek Anderson",5000,"Car@Jax 01:00PM ET",7.206
"QB","Dan Orlovsky",5000,"Det@SD 04:05PM ET",0.000
"QB","Kellen Clemens",5000,"Det@SD 04:05PM ET",0.200
"QB","Shaun Hill",5000,"Min@SF 10:20PM ET",10.920
"QB","Matt Moore",5000,"Mia@Was 01:00PM ET",0.320
"QB","Drew Stanton",5000,"NO@Ari 04:05PM ET",11.416
"QB","Matt Schaub",5000,"Bal@Den 04:25PM ET",-0.065
"QB","Luke McCown",5000,"NO@Ari 04:05PM ET",0.000
"QB","Chad Henne",5000,"Car@Jax 01:00PM ET",10.727
"QB","Josh Johnson",5000,"Cin@Oak 04:25PM ET",0
"QB","Mike Kafka",5000,"Min@SF 10:20PM ET",0
"QB","R.J. Archer",5000,"Sea@StL 01:00PM ET",0
"QB","Joe Webb",5000,"Car@Jax 01:00PM ET",0.289
"QB","Chase Daniel",5000,"KC@Hou 01:00PM ET",2.593
"QB","Colt McCoy",5000,"Mia@Was 01:00PM ET",13.976
"QB","Tim Tebow",5000,"Phi@Atl 07:10PM ET",0
"QB","T.J. Yates",5000,"Phi@Atl 07:10PM ET",0.780
"QB","Christian Ponder",5000,"Cin@Oak 04:25PM ET",7.240
"QB","Scott Tolzien",5000,"GB@Chi 01:00PM ET",0
"QB","Ricky Stanzi",5000,"NYG@Dal 08:30PM ET",0
"QB","McLeod Bethel-Thompson",5000,"Mia@Was 01:00PM ET",0
"QB","Josh Freeman",5000,"Mia@Was 01:00PM ET",0
"QB","Thaddeus Lewis",5000,"Cle@NYJ 01:00PM ET",0
"QB","Case Keenum",5000,"Sea@StL 01:00PM ET",12.950
"QB","Jimmy Clausen",5000,"GB@Chi 01:00PM ET",4.205
"QB","Kellen Moore",5000,"Det@SD 04:05PM ET",0
"QB","Brandon Weeden",5000,"NYG@Dal 08:30PM ET",3.670
"QB","Tyrod Taylor",5000,"Ind@Buf 01:00PM ET",-0.300
"QB","Chandler Harnish",5000,"NO@Ari 04:05PM ET",0
"QB","Austin Davis",5000,"Sea@StL 01:00PM ET",12.564
"QB","Kirk Cousins",5000,"Mia@Was 01:00PM ET",17.567
"QB","Matt Simms",5000,"Ind@Buf 01:00PM ET",1.760
"QB","Blaine Gabbert",5000,"Min@SF 10:20PM ET",6.020
"QB","Sean Renfree",5000,"Phi@Atl 07:10PM ET",0
"QB","Mike Glennon",5000,"Ten@TB 04:25PM ET",16.930
"QB","B.J. Daniels",5000,"Sea@StL 01:00PM ET",0
"QB","Ryan Nassib",5000,"NYG@Dal 08:30PM ET",0.525
"QB","Zac Dysert",5000,"Bal@Den 04:25PM ET",0
"QB","Matt McGloin",5000,"Cin@Oak 04:25PM ET",7.460
"QB","Matt Barkley",5000,"Phi@Atl 07:10PM ET",0.000
"QB","Zach Mettenberger",5000,"Ten@TB 04:25PM ET",11.840
"QB","Aaron Murray",5000,"KC@Hou 01:00PM ET",0
"QB","Brock Osweiler",5000,"Bal@Den 04:25PM ET",1.520
"QB","Bryn Renner",5000,"Bal@Den 04:25PM ET",0
"QB","Seth Lobato",5000,"Ten@TB 04:25PM ET",0
"QB","Bryce Petty",5000,"Cle@NYJ 01:00PM ET",0
"QB","Jeff Tuel",5000,"Car@Jax 01:00PM ET",0
"QB","Garrett Gilbert",5000,"Det@SD 04:05PM ET",0
"QB","Logan Thomas",5000,"NO@Ari 04:05PM ET",2.413
"QB","AJ McCarron",5000,"Cin@Oak 04:25PM ET",0
"QB","Tom Savage",5000,"KC@Hou 01:00PM ET",1.240
"QB","Brad Sorensen",5000,"Det@SD 04:05PM ET",0
"QB","David Fales",5000,"GB@Chi 01:00PM ET",0
"QB","Stephen Morris",5000,"Car@Jax 01:00PM ET",0
"QB","Jake Heaps",5000,"Cle@NYJ 01:00PM ET",0
"QB","Garrett Grayson",5000,"NO@Ari 04:05PM ET",0
"QB","Chase Rettig",5000,"Det@SD 04:05PM ET",0
"QB","Tyler Bray",5000,"KC@Hou 01:00PM ET",0
"QB","Connor Shaw",5000,"Cle@NYJ 01:00PM ET",5.980
"QB","Phillip Sims",5000,"NO@Ari 04:05PM ET",0
"QB","Jameill Showers",5000,"NYG@Dal 08:30PM ET",0
"QB","Trevor Siemian",5000,"Bal@Den 04:25PM ET",0
"QB","Shane Carden",5000,"GB@Chi 01:00PM ET",0
"QB","Hutson Mason",5000,"Mia@Was 01:00PM ET",0
"QB","Dylan Thompson",5000,"Min@SF 10:20PM ET",0
"QB","Bryan Bennett",5000,"Ind@Buf 01:00PM ET",0
"QB","Anthony Boone",5000,"Det@SD 04:05PM ET",0
"QB","Cody Fajardo",5000,"Cin@Oak 04:25PM ET",0
"QB","Sean Mannion",5000,"Sea@StL 01:00PM ET",0
"QB","Jerry Lovelocke",5000,"Bal@Den 04:25PM ET",0
"QB","Brett Hundley",5000,"GB@Chi 01:00PM ET",0
"RB","Tre Mason",5000,"Sea@StL 01:00PM ET",11.858
"QB","Cole Stoudt",5000,"Det@SD 04:05PM ET",0
"QB","Johnny Manziel",5000,"Cle@NYJ 01:00PM ET",2.780
"QB","Taylor Heinicke",5000,"Min@SF 10:20PM ET",0
"QB","Alex Tanney",5000,"Ten@TB 04:25PM ET",0
"QB","Matt Blanchard",5000,"GB@Chi 01:00PM ET",0
"WR","Breshad Perriman",5000,"Bal@Den 04:25PM ET",0
"WR","Kevin White",5000,"GB@Chi 01:00PM ET",0
"QB","Jake Waters",5000,"Car@Jax 01:00PM ET",0
"QB","Dustin Vaughan",5000,"NYG@Dal 08:30PM ET",0
"RB","C.J. Spiller",4900,"NO@Ari 04:05PM ET",8.056
"WR","Charles Johnson",4900,"Min@SF 10:20PM ET",7.867
"WR","Kenny Britt",4800,"Sea@StL 01:00PM ET",9.263
"TE","Travis Kelce",4800,"KC@Hou 01:00PM ET",11.825
"RB","Todd Gurley",4800,"Sea@StL 01:00PM ET",0
"RB","Tevin Coleman",4800,"Phi@Atl 07:10PM ET",0
"WR","Kenny Stills",4700,"Mia@Was 01:00PM ET",11.993
"RB","Giovani Bernard",4700,"Cin@Oak 04:25PM ET",14.579
"WR","Doug Baldwin",4600,"Sea@StL 01:00PM ET",11.372
"RB","Isaiah Crowell",4600,"Cle@NYJ 01:00PM ET",7.775
"RB","Doug Martin",4500,"Ten@TB 04:25PM ET",7.618
"WR","John Brown",4500,"NO@Ari 04:05PM ET",9.259
"TE","Julius Thomas",4500,"Car@Jax 01:00PM ET",12.729
"RB","Darren McFadden",4400,"NYG@Dal 08:30PM ET",7.600
"WR","Michael Crabtree",4400,"Cin@Oak 04:25PM ET",10.138
"WR","Percy Harvin",4400,"Ind@Buf 01:00PM ET",10.500
"WR","Davante Adams",4400,"GB@Chi 01:00PM ET",7.389
"WR","Greg Jennings",4300,"Mia@Was 01:00PM ET",10.575
"WR","Dwayne Bowe",4300,"Cle@NYJ 01:00PM ET",9.027
"TE","Martellus Bennett",4300,"GB@Chi 01:00PM ET",14.225
"RB","Devonta Freeman",4300,"Phi@Atl 07:10PM ET",5.519
"WR","Marqise Lee",4300,"Car@Jax 01:00PM ET",6.623
"RB","Bishop Sankey",4300,"Ten@TB 04:25PM ET",6.138
"WR","James Jones",4200,"Cin@Oak 04:25PM ET",11.100
"TE","Antonio Gates",4200,"Det@SD 04:05PM ET",13.944
"WR","Brian Quick",4200,"Sea@StL 01:00PM ET",11.500
"RB","Shane Vereen",4200,"NYG@Dal 08:30PM ET",10.089
"WR","Marvin Jones",4200,"Cin@Oak 04:25PM ET",0
"WR","Justin Hunter",4200,"Ten@TB 04:25PM ET",7.983
"RB","Chris Ivory",4100,"Cle@NYJ 01:00PM ET",9.963
"WR","DeVante Parker",4100,"Mia@Was 01:00PM ET",0
"TE","Jason Witten",4000,"NYG@Dal 08:30PM ET",10.483
"WR","Terrance Williams",4000,"NYG@Dal 08:30PM ET",10.117
"WR","Allen Hurns",4000,"Car@Jax 01:00PM ET",10.044
"RB","Ameer Abdullah",4000,"Det@SD 04:05PM ET",0
"RB","Reggie Bush",3900,"Min@SF 10:20PM ET",10.058
"WR","Eddie Royal",3900,"GB@Chi 01:00PM ET",11.575
"RB","Fred Jackson",3900,"Ind@Buf 01:00PM ET",13.471
"RB","Montee Ball",3900,"Bal@Den 04:25PM ET",7.480
"WR","Dorial Green-Beckham",3900,"Ten@TB 04:25PM ET",0
"WR","Reggie Wayne",3800,"Ind@Buf 01:00PM ET",8.783
"TE","Jordan Cameron",3800,"Mia@Was 01:00PM ET",8.140
"RB","Charles Sims",3800,"Ten@TB 04:25PM ET",7.688
"RB","David Johnson",3800,"NO@Ari 04:05PM ET",0
"WR","Chris Conley",3800,"KC@Hou 01:00PM ET",0
"WR","Devin Funchess",3800,"Car@Jax 01:00PM ET",0
"WR","Jaelen Strong",3800,"KC@Hou 01:00PM ET",0
"WR","Stevie Johnson",3700,"Det@SD 04:05PM ET",7.654
"RB","Danny Woodhead",3700,"Det@SD 04:05PM ET",4.067
"TE","Charles Clay",3700,"Ind@Buf 01:00PM ET",9.964
"WR","Jermaine Kearse",3700,"Sea@StL 01:00PM ET",7.958
"WR","Cody Latimer",3700,"Bal@Den 04:25PM ET",0.538
"RB","Matt Jones",3700,"Mia@Was 01:00PM ET",0
"RB","James Starks",3600,"GB@Chi 01:00PM ET",4.683
"RB","Ray Rice",3600,"Bal@Den 04:25PM ET",0
"WR","Nick Toon",3600,"NO@Ari 04:05PM ET",5.488
"RB","Robert Turbin",3600,"Sea@StL 01:00PM ET",4.450
"RB","Ryan Mathews",3600,"Phi@Atl 07:10PM ET",11.650
"RB","Knile Davis",3600,"KC@Hou 01:00PM ET",8.063
"TE","Zach Ertz",3600,"Phi@Atl 07:10PM ET",9.263
"RB","Alfred Blue",3600,"KC@Hou 01:00PM ET",6.256
"WR","Cecil Shorts III",3600,"KC@Hou 01:00PM ET",9.614
"RB","Terrance West",3600,"Cle@NYJ 01:00PM ET",8.336
"WR","Phillip Dorsett",3600,"Ind@Buf 01:00PM ET",0
"RB","Pierre Thomas",3500,"NO@Ari 04:05PM ET",11.182
"WR","Devin Hester",3500,"Phi@Atl 07:10PM ET",7.188
"WR","Wes Welker",3500,"Bal@Den 04:25PM ET",7.360
"WR","Andrew Hawkins",3500,"Cle@NYJ 01:00PM ET",10.793
"RB","Fozzy Whittaker",3500,"Car@Jax 01:00PM ET",4.075
"RB","Jacquizz Rodgers",3500,"GB@Chi 01:00PM ET",5.000
"TE","Ladarius Green",3500,"Det@SD 04:05PM ET",2.971
"TE","Kyle Rudolph",3500,"Min@SF 10:20PM ET",6.567
"RB","Branden Oliver",3500,"Det@SD 04:05PM ET",10.807
"TE","Tyler Eifert",3500,"Cin@Oak 04:25PM ET",6.700
"WR","Robert Woods",3500,"Ind@Buf 01:00PM ET",10.556
"WR","Marquess Wilson",3500,"GB@Chi 01:00PM ET",5.286
"RB","Javorius Allen",3500,"Bal@Den 04:25PM ET",0
"RB","Damien Williams",3500,"Mia@Was 01:00PM ET",3.619
"RB","Cameron Artis-Payne",3500,"Car@Jax 01:00PM ET",0
"DST","Seahawks ",3400,"Sea@StL 01:00PM ET",9.278
"TE","Owen Daniels",3400,"Bal@Den 04:25PM ET",8.812
"TE","Delanie Walker",3400,"Ten@TB 04:25PM ET",12.133
"RB","Steven Jackson",3400,"Phi@Atl 07:10PM ET",9.633
"RB","Toby Gerhart",3400,"Car@Jax 01:00PM ET",5.871
"RB","Stevan Ridley",3400,"Cle@NYJ 01:00PM ET",9.667
"RB","Kendall Hunter",3400,"Min@SF 10:20PM ET",0
"RB","Daniel Herron",3400,"Ind@Buf 01:00PM ET",7.274
"TE","Coby Fleener",3400,"Ind@Buf 01:00PM ET",10.479
"WR","Cole Beasley",3400,"NYG@Dal 08:30PM ET",6.561
"TE","Dwayne Allen",3400,"Ind@Buf 01:00PM ET",8.906
"TE","Josh Hill",3400,"NO@Ari 04:05PM ET",3.850
"RB","David Cobb",3400,"Ten@TB 04:25PM ET",0
"RB","Jay Ajayi",3400,"Mia@Was 01:00PM ET",0
"TE","Austin Seferian-Jenkins",3400,"Ten@TB 04:25PM ET",6.011
"RB","Lorenzo Taliaferro",3400,"Bal@Den 04:25PM ET",5.508
"RB","Darren Sproles",3300,"Phi@Atl 07:10PM ET",10.773
"WR","Andre Caldwell",3300,"Bal@Den 04:25PM ET",0.571
"WR","Brian Hartline",3300,"Cle@NYJ 01:00PM ET",6.150
"RB","Dexter McCluster",3300,"Ten@TB 04:25PM ET",4.557
"WR","Kamar Aiken",3300,"Bal@Den 04:25PM ET",4.389
"WR","Mohamed Sanu",3300,"Cin@Oak 04:25PM ET",11.256
"RB","Trent Richardson",3300,"Cin@Oak 04:25PM ET",7.425
"TE","Jordan Reed",3300,"Mia@Was 01:00PM ET",8.955
"RB","Theo Riddick",3300,"Det@SD 04:05PM ET",6.840
"WR","Tavon Austin",3300,"Sea@StL 01:00PM ET",6.373
"RB","Jerick McKinnon",3300,"Min@SF 10:20PM ET",9.118
"DST","Bengals ",3200,"Cin@Oak 04:25PM ET",6.353
"RB","Chris Johnson",3200,"Cle@NYJ 01:00PM ET",7.463
"WR","Andre Roberts",3200,"Mia@Was 01:00PM ET",5.838
"TE","Larry Donnell",3200,"NYG@Dal 08:30PM ET",9.831
"RB","Zac Stacy",3200,"Cle@NYJ 01:00PM ET",5.115
"RB","Mike Davis",3200,"Min@SF 10:20PM ET",0
"DST","Browns ",3100,"Cle@NYJ 01:00PM ET",8.188
"DST","Panthers ",3100,"Car@Jax 01:00PM ET",7.222
"TE","Vernon Davis",3100,"Min@SF 10:20PM ET",4.493
"RB","Knowshon Moreno",3100,"Mia@Was 01:00PM ET",8.533
"DST","Texans ",3000,"KC@Hou 01:00PM ET",10.875
"DST","Packers ",3000,"GB@Chi 01:00PM ET",9.389
"DST","Chiefs ",3000,"KC@Hou 01:00PM ET",7.500
"DST","Dolphins ",3000,"Mia@Was 01:00PM ET",8.125
"WR","Josh Cribbs",3000,"Ind@Buf 01:00PM ET",0.089
"WR","Lance Moore",3000,"Det@SD 04:05PM ET",3.414
"RB","Maurice Jones-Drew",3000,"Car@Jax 01:00PM ET",2.308
"WR","Jason Avant",3000,"KC@Hou 01:00PM ET",4.713
"WR","Santonio Holmes",3000,"GB@Chi 01:00PM ET",1.633
"WR","Miles Austin",3000,"Phi@Atl 07:10PM ET",9.650
"WR","Nate Washington",3000,"KC@Hou 01:00PM ET",7.481
"RB","Tyler Clutts",3000,"NYG@Dal 08:30PM ET",0.456
"WR","Harry Douglas",3000,"Ten@TB 04:25PM ET",10.550
"WR","Eric Weems",3000,"Phi@Atl 07:10PM ET",2.013
"WR","Jerricho Cotchery",3000,"Car@Jax 01:00PM ET",7.318
"WR","Josh Morgan",3000,"NO@Ari 04:05PM ET",1.857
"WR","Ted Ginn Jr.",3000,"Car@Jax 01:00PM ET",2.294
"RB","Jerome Felton",3000,"Ind@Buf 01:00PM ET",0.544
"RB","Tim Hightower",3000,"NO@Ari 04:05PM ET",0
"RB","Shonn Greene",3000,"Ten@TB 04:25PM ET",4.038
"WR","Marcus Thigpen",3000,"Ind@Buf 01:00PM ET",0.556
"RB","Ahmad Bradshaw",3000,"Ind@Buf 01:00PM ET",15.650
"RB","Cedric Peerman",3000,"Cin@Oak 04:25PM ET",0.588
"RB","Chris Ogbonnaya",3000,"NYG@Dal 08:30PM ET",1.571
"WR","Jerome Simpson",3000,"Min@SF 10:20PM ET",0
"RB","Mike Tolbert",3000,"Car@Jax 01:00PM ET",4.030
"RB","Jed Collins",3000,"NYG@Dal 08:30PM ET",0.994
"RB","John Kuhn",3000,"GB@Chi 01:00PM ET",1.361
"WR","Seyi Ajirotutu",3000,"Phi@Atl 07:10PM ET",0.531
"WR","Marlon Moore",3000,"Cle@NYJ 01:00PM ET",0.000
"WR","Brandon Tate",3000,"Cin@Oak 04:25PM ET",2.553
"RB","Darrel Young",3000,"Mia@Was 01:00PM ET",3.206
"WR","Louis Murphy",3000,"Ten@TB 04:25PM ET",7.636
"RB","Antone Smith",3000,"Phi@Atl 07:10PM ET",7.860
"RB","Donald Brown",3000,"Det@SD 04:05PM ET",5.569
"RB","Jorvorskie Lane",3000,"Ten@TB 04:25PM ET",0.789
"WR","Jordan Norwood",3000,"Bal@Den 04:25PM ET",0
"RB","John Conner",3000,"Ind@Buf 01:00PM ET",1.125
"WR","Trindon Holliday",3000,"Cin@Oak 04:25PM ET",0.000
"WR","Kevin Ogletree",3000,"NYG@Dal 08:30PM ET",1.429
"RB","Collin Mooney",3000,"Phi@Atl 07:10PM ET",0
"WR","Kyle Williams",3000,"Bal@Den 04:25PM ET",0
"RB","Erik Lorig",3000,"NO@Ari 04:05PM ET",1.710
"WR","Kris Durham",3000,"Cin@Oak 04:25PM ET",2.850
"RB","Shaun Draughn",3000,"Cle@NYJ 01:00PM ET",0.173
"WR","Hakeem Nicks",3000,"Ten@TB 04:25PM ET",6.542
"WR","Preston Parker",3000,"NYG@Dal 08:30PM ET",5.550
"WR","Greg Salas",3000,"Det@SD 04:05PM ET",3.270
"WR","Jacoby Ford",3000,"Ten@TB 04:25PM ET",0
"RB","Marcel Reece",3000,"Cin@Oak 04:25PM ET",5.133
"WR","Dwayne Harris",3000,"NYG@Dal 08:30PM ET",1.044
"RB","Bruce Miller",3000,"Min@SF 10:20PM ET",3.050
"WR","Marc Mariani",3000,"GB@Chi 01:00PM ET",0.000
"WR","Bryan Walters",3000,"Car@Jax 01:00PM ET",0.767
"WR","Jacoby Jones",3000,"Det@SD 04:05PM ET",1.611
"WR","Riley Cooper",3000,"Phi@Atl 07:10PM ET",8.106
"RB","Boobie Dixon",3000,"Ind@Buf 01:00PM ET",4.256
"WR","Jeremy Ross",3000,"Det@SD 04:05PM ET",3.488
"RB","Chase Reynolds",3000,"Sea@StL 01:00PM ET",0.000
"WR","Joseph Morgan",3000,"NO@Ari 04:05PM ET",3.980
"WR","Damian Williams",3000,"Sea@StL 01:00PM ET",0.800
"WR","Ryan Broyles",3000,"Det@SD 04:05PM ET",0.900
"WR","John Chiles",3000,"GB@Chi 01:00PM ET",0
"WR","Arrelious Benn",3000,"Car@Jax 01:00PM ET",0
"WR","Carlton Mitchell",3000,"Phi@Atl 07:10PM ET",0
"WR","Marcus Easley",3000,"Ind@Buf 01:00PM ET",0.000
"WR","Austin Pettis",3000,"Det@SD 04:05PM ET",5.960
"WR","Armon Binns",3000,"KC@Hou 01:00PM ET",0
"RB","Matt Asiata",3000,"Min@SF 10:20PM ET",13.013
"WR","Corbin Louks",3000,"KC@Hou 01:00PM ET",0
"WR","Marcus Harris",3000,"NYG@Dal 08:30PM ET",0
"RB","Taiwan Jones",3000,"Cin@Oak 04:25PM ET",0.000
"RB","DuJuan Harris",3000,"Min@SF 10:20PM ET",0.567
"WR","Deonte Thompson",3000,"Ind@Buf 01:00PM ET",0.000
"RB","Henry Hynoski",3000,"NYG@Dal 08:30PM ET",0.081
"WR","Denarius Moore",3000,"Cin@Oak 04:25PM ET",2.260
"WR","Leonard Hankerson",3000,"Phi@Atl 07:10PM ET",0.000
"WR","Fred Williams",3000,"KC@Hou 01:00PM ET",0
"WR","Reggie Dunn",3000,"NYG@Dal 08:30PM ET",0
"WR","G.J. Kinne",3000,"Phi@Atl 07:10PM ET",0
"WR","Dontrelle Inman",3000,"Det@SD 04:05PM ET",3.971
"RB","Jeremy Stewart",3000,"Bal@Den 04:25PM ET",0.314
"RB","Joe Banyard",3000,"Min@SF 10:20PM ET",1.600
"WR","Jeremy Kerley",3000,"Cle@NYJ 01:00PM ET",5.844
"RB","Robert Hughes",3000,"NO@Ari 04:05PM ET",1.453
"WR","Nathan Palmer",3000,"Bal@Den 04:25PM ET",0
"RB","Anthony Sherman",3000,"KC@Hou 01:00PM ET",1.494
"WR","Julian Talley",3000,"NYG@Dal 08:30PM ET",0.000
"WR","Mike Brown",3000,"Car@Jax 01:00PM ET",2.960
"WR","Aldrick Robinson",3000,"Bal@Den 04:25PM ET",0.320
"WR","Jeff Maehl",3000,"Phi@Atl 07:10PM ET",1.200
"RB","Will Tukuafu",3000,"Sea@StL 01:00PM ET",0.309
"WR","Vincent Brown",3000,"Ind@Buf 01:00PM ET",3.400
"RB","Bilal Powell",3000,"Cle@NYJ 01:00PM ET",2.687
"RB","Bobby Rainey",3000,"Ten@TB 04:25PM ET",7.807
"RB","Roy Helu Jr.",3000,"Cin@Oak 04:25PM ET",9.164
"WR","Devon Wylie",3000,"Sea@StL 01:00PM ET",0
"WR","Junior Hemingway",3000,"KC@Hou 01:00PM ET",1.629
"RB","Patrick DiMarco",3000,"Phi@Atl 07:10PM ET",1.325
"WR","Kevin Cone",3000,"Cle@NYJ 01:00PM ET",0
"RB","Isaiah Pead",3000,"Sea@StL 01:00PM ET",0
"RB","George Winn",3000,"Det@SD 04:05PM ET",0.562
"RB","Cyrus Gray",3000,"KC@Hou 01:00PM ET",1.011
"WR","Juron Criner",3000,"NYG@Dal 08:30PM ET",0
"WR","Tavarres King",3000,"Ten@TB 04:25PM ET",1.650
"RB","Austin Johnson",3000,"NO@Ari 04:05PM ET",1.671
"RB","Chris Polk",3000,"KC@Hou 01:00PM ET",3.629
"RB","Jarryd Hayne",3000,"Min@SF 10:20PM ET",0
"RB","Kenjon Barner",3000,"Phi@Atl 07:10PM ET",0
"RB","LaMichael James",3000,"Mia@Was 01:00PM ET",0.300
"WR","Brice Butler",3000,"Cin@Oak 04:25PM ET",4.067
"RB","Zach Line",3000,"Min@SF 10:20PM ET",0.000
"WR","Chris Owusu",3000,"Cle@NYJ 01:00PM ET",3.513
"WR","Griff Whalen",3000,"Ind@Buf 01:00PM ET",0.330
"WR","Brenton Bersin",3000,"Car@Jax 01:00PM ET",2.165
"RB","Derrick Coleman",3000,"Sea@StL 01:00PM ET",2.180
"RB","Jonathan Grimes",3000,"KC@Hou 01:00PM ET",1.869
"WR","Frankie Hammond Jr.",3000,"KC@Hou 01:00PM ET",0.531
"WR","Jaron Brown",3000,"NO@Ari 04:05PM ET",3.347
"WR","T.J. Graham",3000,"Cle@NYJ 01:00PM ET",1.475
"RB","Ryan Williams",3000,"NYG@Dal 08:30PM ET",0
"WR","Chris Givens",3000,"Sea@StL 01:00PM ET",2.379
"WR","Tandon Doss",3000,"Car@Jax 01:00PM ET",0
"WR","A.J. Jenkins",3000,"NYG@Dal 08:30PM ET",2.011
"RB","Michael Cox",3000,"NYG@Dal 08:30PM ET",1.550
"RB","Glenn Winston",3000,"Cle@NYJ 01:00PM ET",0.000
"WR","Keshawn Martin",3000,"KC@Hou 01:00PM ET",0.863
"WR","Myles White",3000,"GB@Chi 01:00PM ET",0
"WR","DeVier Posey",3000,"Cle@NYJ 01:00PM ET",4.000
"WR","Jarrett Boykin",3000,"Car@Jax 01:00PM ET",0.353
"WR","LaRon Byrd",3000,"Mia@Was 01:00PM ET",0.000
"WR","Travis Benjamin",3000,"Cle@NYJ 01:00PM ET",4.281
"WR","Tommy Streeter",3000,"Mia@Was 01:00PM ET",0.000
"RB","Jordan Todman",3000,"Car@Jax 01:00PM ET",4.713
"WR","Jarius Wright",3000,"Min@SF 10:20PM ET",7.869
"WR","Damaris Johnson",3000,"KC@Hou 01:00PM ET",4.500
"RB","Lance Dunbar",3000,"NYG@Dal 08:30PM ET",2.756
"WR","Darius Davis",3000,"Min@SF 10:20PM ET",0
"WR","Russell Shepard",3000,"Ten@TB 04:25PM ET",0.644
"RB","Zurlon Tipton",3000,"Ind@Buf 01:00PM ET",4.289
"RB","Matthew Tucker",3000,"Phi@Atl 07:10PM ET",0
"RB","Mike James",3000,"Ten@TB 04:25PM ET",0.382
"RB","Tommy Bohanon",3000,"Cle@NYJ 01:00PM ET",1.325
"RB","Toben Opurum",3000,"NO@Ari 04:05PM ET",0
"WR","Ryan Grant",3000,"Mia@Was 01:00PM ET",0.863
"RB","Rex Burkhead",3000,"Cin@Oak 04:25PM ET",2.930
"WR","Stephen Hill",3000,"Car@Jax 01:00PM ET",0
"RB","Benny Cunningham",3000,"Sea@StL 01:00PM ET",7.925
"RB","Kendall Gaskins",3000,"Min@SF 10:20PM ET",0
"WR","Michael Campanaro",3000,"Bal@Den 04:25PM ET",5.183
"RB","Nikita Whitlock",3000,"NYG@Dal 08:30PM ET",0
"RB","Kyle Juszczyk",3000,"Bal@Den 04:25PM ET",2.872
"RB","Bryce Brown",3000,"Ind@Buf 01:00PM ET",6.457
"WR","Ryan Spadola",3000,"NO@Ari 04:05PM ET",0
"RB","Stepfan Taylor",3000,"NO@Ari 04:05PM ET",4.413
"WR","Tevin Reese",3000,"Cin@Oak 04:25PM ET",0
"WR","Andrew Peacock",3000,"Det@SD 04:05PM ET",0
"WR","Tony Washington",3000,"Car@Jax 01:00PM ET",0
"RB","Ray Agnew",3000,"NYG@Dal 08:30PM ET",0.392
"WR","Marquise Goodwin",3000,"Ind@Buf 01:00PM ET",0.600
"RB","Kerwynn Williams",3000,"NO@Ari 04:05PM ET",6.000
"WR","Rico Richardson",3000,"Ten@TB 04:25PM ET",0.000
"WR","Emory Blake",3000,"Sea@StL 01:00PM ET",0
"RB","Brandon Wegher",3000,"Car@Jax 01:00PM ET",0
"WR","Kevin Norwood",3000,"Sea@StL 01:00PM ET",1.920
"WR","Andre Debose",3000,"Cin@Oak 04:25PM ET",0
"RB","Mike Gillislee",3000,"Mia@Was 01:00PM ET",0
"WR","Shaq Evans",3000,"Cle@NYJ 01:00PM ET",0
"WR","Duron Carter",3000,"Ind@Buf 01:00PM ET",0
"WR","Rodney Smith",3000,"Cle@NYJ 01:00PM ET",0.000
"RB","Chris Thompson",3000,"Mia@Was 01:00PM ET",7.950
"WR","Josh Lenz",3000,"Cle@NYJ 01:00PM ET",0
"WR","Ricardo Lockette",3000,"Sea@StL 01:00PM ET",2.733
"RB","Christine Michael",3000,"Sea@StL 01:00PM ET",1.970
"WR","EZ Nwachukwu",3000,"KC@Hou 01:00PM ET",0
"RB","Denard Robinson",3000,"Car@Jax 01:00PM ET",9.354
"RB","Fitzgerald Toussaint",3000,"Bal@Den 04:25PM ET",1.283
"RB","Edwin Baker",3000,"NO@Ari 04:05PM ET",0.067
"WR","Bennie Fowler",3000,"Bal@Den 04:25PM ET",0
"WR","Jared Abbrederis",3000,"GB@Chi 01:00PM ET",0
"WR","Nick Williams",3000,"Phi@Atl 07:10PM ET",0
"WR","Devin Street",3000,"NYG@Dal 08:30PM ET",0.211
"WR","Cobi Hamilton",3000,"Cin@Oak 04:25PM ET",0.000
"WR","Marlon Brown",3000,"Bal@Den 04:25PM ET",3.769
"WR","Chris Matthews",3000,"Sea@StL 01:00PM ET",0.000
"RB","Ronnie Hillman",3000,"Bal@Den 04:25PM ET",12.122
"WR","Colin Lockett",3000,"Mia@Was 01:00PM ET",0
"RB","Bernard Pierce",3000,"Car@Jax 01:00PM ET",3.840
"WR","Alan Bonner",3000,"KC@Hou 01:00PM ET",0
"WR","Stedman Bailey",3000,"Sea@StL 01:00PM ET",6.414
"RB","Daniel Thomas",3000,"GB@Chi 01:00PM ET",4.575
"WR","Justin Brown",3000,"Ind@Buf 01:00PM ET",2.550
"RB","J.C. Copeland",3000,"Cle@NYJ 01:00PM ET",0
"RB","Spencer Ware",3000,"KC@Hou 01:00PM ET",0
"WR","James Wright",3000,"Cin@Oak 04:25PM ET",1.555
"WR","Kenny Bell",3000,"Ten@TB 04:25PM ET",0
"WR","Quincy Enunwa",3000,"Cle@NYJ 01:00PM ET",0.000
"RB","Storm Johnson",3000,"Car@Jax 01:00PM ET",3.533
"WR","Austin Hill",3000,"Cle@NYJ 01:00PM ET",0
"WR","Tyler Slavin",3000,"Sea@StL 01:00PM ET",0
"WR","Solomon Patton",3000,"Bal@Den 04:25PM ET",0.271
"RB","Rajion Neal",3000,"GB@Chi 01:00PM ET",0
"WR","Da'Rick Rogers",3000,"KC@Hou 01:00PM ET",0
"RB","Trey Millard",3000,"Min@SF 10:20PM ET",0
"RB","Vick Ballard",3000,"Ind@Buf 01:00PM ET",0
"RB","Silas Redd Jr.",3000,"Mia@Was 01:00PM ET",2.147
"WR","Kyle Prater",3000,"NO@Ari 04:05PM ET",0
"WR","Deon Long",3000,"Ten@TB 04:25PM ET",0
"WR","Ryan Lankford",3000,"Ind@Buf 01:00PM ET",0
"RB","Jay Prosch",3000,"KC@Hou 01:00PM ET",0.213
"WR","Dres Anderson",3000,"Min@SF 10:20PM ET",0
"RB","Jalston Fowler",3000,"Ten@TB 04:25PM ET",0
"WR","TJ Jones",3000,"Det@SD 04:05PM ET",0
"WR","Kenbrell Thompkins",3000,"Cin@Oak 04:25PM ET",3.407
"RB","Joey Iosefa",3000,"Ten@TB 04:25PM ET",0
"WR","Nick Harwell",3000,"NYG@Dal 08:30PM ET",0
"WR","Tony Jones",3000,"Mia@Was 01:00PM ET",0
"WR","Rashad Lawrence",3000,"GB@Chi 01:00PM ET",0
"WR","Andy Tanner",3000,"NO@Ari 04:05PM ET",0
"RB","Orleans Darkwa",3000,"NYG@Dal 08:30PM ET",1.645
"WR","Rod Streater",3000,"Cin@Oak 04:25PM ET",7.800
"WR","Ify Umodu",3000,"GB@Chi 01:00PM ET",0
"WR","Mario Hull",3000,"Min@SF 10:20PM ET",0
"WR","Jordan Taylor",3000,"Bal@Den 04:25PM ET",0
"WR","Damarr Aultman",3000,"Mia@Was 01:00PM ET",0
"WR","R.J. Harris",3000,"NO@Ari 04:05PM ET",0
"WR","Ben Edwards",3000,"NYG@Dal 08:30PM ET",0
"RB","Connor Neighbors",3000,"Ten@TB 04:25PM ET",0
"WR","Ace Sanders",3000,"Car@Jax 01:00PM ET",0.875
"RB","Lee Ward",3000,"Car@Jax 01:00PM ET",0
"WR","Jimmie Hunt",3000,"GB@Chi 01:00PM ET",0
"WR","Marcus Lucas",3000,"Car@Jax 01:00PM ET",0
"RB","Marcus Murphy",3000,"NO@Ari 04:05PM ET",0
"WR","Bud Sasser",3000,"Sea@StL 01:00PM ET",0
"RB","Andre Williams",3000,"NYG@Dal 08:30PM ET",9.444
"WR","Jarred Haggins",3000,"Det@SD 04:05PM ET",0
"RB","Synjyn Days",3000,"NYG@Dal 08:30PM ET",0
"RB","Rod Smith",3000,"Sea@StL 01:00PM ET",0
"WR","Joshua Bellamy",3000,"GB@Chi 01:00PM ET",0.000
"RB","Dominique Brown",3000,"Ten@TB 04:25PM ET",0
"RB","Senorise Perry",3000,"GB@Chi 01:00PM ET",0.056
"WR","Lance Lewis",3000,"NO@Ari 04:05PM ET",0
"WR","Jordan Leslie",3000,"Min@SF 10:20PM ET",0
"WR","Neal Sterling",3000,"Car@Jax 01:00PM ET",0
"WR","Walt Powell",3000,"Cle@NYJ 01:00PM ET",-0.250
"RB","Lache Seastrunk",3000,"NYG@Dal 08:30PM ET",0
"WR","Javontee Herndon",3000,"Det@SD 04:05PM ET",0
"RB","Malcolm Johnson",3000,"Cle@NYJ 01:00PM ET",0
"WR","Josh Huff",3000,"Phi@Atl 07:10PM ET",1.958
"WR","Andrew Turzilli",3000,"Ten@TB 04:25PM ET",0
"WR","John Harris",3000,"Phi@Atl 07:10PM ET",0
"WR","Issac Blakeney",3000,"Min@SF 10:20PM ET",0
"RB","Juwan Thompson",3000,"Bal@Den 04:25PM ET",3.447
"RB","Manasseh Garner",3000,"KC@Hou 01:00PM ET",0
"WR","Ezell Ruffin",3000,"Ind@Buf 01:00PM ET",0
"WR","Brandon Coleman",3000,"NO@Ari 04:05PM ET",0
"RB","Michael Burton",3000,"Det@SD 04:05PM ET",0
"WR","Malcome Kennedy",3000,"NO@Ari 04:05PM ET",0
"WR","Albert Wilson",3000,"KC@Hou 01:00PM ET",3.500
"RB","Michael Dyer",3000,"Cin@Oak 04:25PM ET",0
"RB","Corey Grant",3000,"Car@Jax 01:00PM ET",0
"WR","DeAndrew White",3000,"Min@SF 10:20PM ET",0
"RB","Mack Brown",3000,"Mia@Was 01:00PM ET",0
"WR","Adrian Coxson",3000,"GB@Chi 01:00PM ET",0
"WR","Quinton Dunbar",3000,"Mia@Was 01:00PM ET",0
"WR","Kaelin Clay",3000,"Ten@TB 04:25PM ET",0
"WR","Antwan Goodley",3000,"NYG@Dal 08:30PM ET",0
"WR","Levi Norwood",3000,"GB@Chi 01:00PM ET",0
"WR","Matt Hazel",3000,"Mia@Was 01:00PM ET",0
"WR","Keith Mumphery",3000,"KC@Hou 01:00PM ET",0
"RB","Jeremy Langford",3000,"GB@Chi 01:00PM ET",0
"WR","Rishard Matthews",3000,"Mia@Was 01:00PM ET",2.700
"WR","Justin Hardy",3000,"Phi@Atl 07:10PM ET",0
"WR","Desmond Lawrence",3000,"Det@SD 04:05PM ET",0
"WR","J.J. Nelson",3000,"NO@Ari 04:05PM ET",0
"WR","Da'Ron Brown",3000,"KC@Hou 01:00PM ET",0
"WR","DiAndre Campbell",3000,"Min@SF 10:20PM ET",0
"WR","Kevin Smith",3000,"Sea@StL 01:00PM ET",0
"WR","Clyde Gates",3000,"Ten@TB 04:25PM ET",0
"WR","Andre Holmes",3000,"Cin@Oak 04:25PM ET",8.956
"WR","Corey Fuller",3000,"Det@SD 04:05PM ET",2.635
"WR","Jake Kumerow",3000,"Cin@Oak 04:25PM ET",0
"WR","Geremy Davis",3000,"NYG@Dal 08:30PM ET",0
"RB","Jerome Smith",3000,"Phi@Atl 07:10PM ET",0.000
"WR","Bernard Reedy",3000,"Phi@Atl 07:10PM ET",0
"RB","Jamize Olawale",3000,"Cin@Oak 04:25PM ET",1.175
"WR","Paul Richardson",3000,"Sea@StL 01:00PM ET",4.075
"WR","Robert Herron",3000,"Ten@TB 04:25PM ET",2.225
"WR","Donte Foster",3000,"Min@SF 10:20PM ET",0
"WR","Douglas McNeil III",3000,"Sea@StL 01:00PM ET",0
"WR","Daniel Brown",3000,"Bal@Den 04:25PM ET",0
"WR","Reggie Bell",3000,"Mia@Was 01:00PM ET",0
"WR","Isaiah Burse",3000,"Bal@Den 04:25PM ET",-0.083
"WR","Josh Harper",3000,"Cin@Oak 04:25PM ET",0
"WR","Jalen Saunders",3000,"NO@Ari 04:05PM ET",0.078
"WR","Freddie Martino",3000,"Phi@Atl 07:10PM ET",0.000
"WR","Josh Reese",3000,"Ten@TB 04:25PM ET",0
"RB","Terrence Franks",3000,"Sea@StL 01:00PM ET",0
"WR","Cameron Meredith",3000,"GB@Chi 01:00PM ET",0
"WR","Tyler McDonald",3000,"Mia@Was 01:00PM ET",0
"RB","Antonio Andrews",3000,"Ten@TB 04:25PM ET",0.775
"WR","Chris Hogan",3000,"Ind@Buf 01:00PM ET",6.600
"WR","Saalim Hakim",3000,"Cle@NYJ 01:00PM ET",0.000
"WR","Corey Brown",3000,"Car@Jax 01:00PM ET",5.880
"RB","Zach Zenner",3000,"Det@SD 04:05PM ET",0
"WR","Michael Preston",3000,"Mia@Was 01:00PM ET",0
"RB","Kenny Hilliard",3000,"KC@Hou 01:00PM ET",0
"RB","Terrence Magee",3000,"Bal@Den 04:25PM ET",0
"RB","Dreamius Smith",3000,"Det@SD 04:05PM ET",0
"RB","Terron Ward",3000,"Phi@Atl 07:10PM ET",0
"RB","Jahwan Edwards",3000,"Det@SD 04:05PM ET",0
"WR","Titus Davis",3000,"Det@SD 04:05PM ET",0
"WR","Nigel King",3000,"Mia@Was 01:00PM ET",0
"WR","Quinton Patton",3000,"Min@SF 10:20PM ET",2.100
"RB","Mark Weisman",3000,"Cin@Oak 04:25PM ET",0
"WR","Quan Bray",3000,"Ind@Buf 01:00PM ET",0
"RB","Ka'Deem Carey",3000,"GB@Chi 01:00PM ET",1.893
"WR","Travis Labhart",3000,"KC@Hou 01:00PM ET",0
"WR","Tre McBride",3000,"Ten@TB 04:25PM ET",0
"WR","Rashad Ross",3000,"Mia@Was 01:00PM ET",0.000
"WR","Ty Montgomery",3000,"GB@Chi 01:00PM ET",0
"WR","George Farmer",3000,"NYG@Dal 08:30PM ET",0
"WR","Jamison Crowder",3000,"Mia@Was 01:00PM ET",0
"RB","Zach Laskey",3000,"Sea@StL 01:00PM ET",0
"WR","Darren Waller",3000,"Bal@Den 04:25PM ET",0
"WR","David Porter",3000,"Bal@Den 04:25PM ET",0
"WR","Dezmin Lewis",3000,"Ind@Buf 01:00PM ET",0
"RB","Keshawn Hill",3000,"KC@Hou 01:00PM ET",0
"RB","Gus Johnson",3000,"NYG@Dal 08:30PM ET",0
"WR","Adam Humphries",3000,"Ten@TB 04:25PM ET",0
"RB","Alonzo Harris",3000,"GB@Chi 01:00PM ET",0
"RB","Malcolm Brown",3000,"Sea@StL 01:00PM ET",0
"WR","Jaxon Shipley",3000,"NO@Ari 04:05PM ET",0
"WR","Deshon Foxx",3000,"Sea@StL 01:00PM ET",0
"RB","Kiero Small",3000,"Bal@Den 04:25PM ET",0.000
"WR","Damiere Byrd",3000,"Car@Jax 01:00PM ET",0
"WR","Bruce Ellington",3000,"Min@SF 10:20PM ET",2.538
"WR","Tyler Lockett",3000,"Sea@StL 01:00PM ET",0
"RB","Aaron Ripkowski",3000,"GB@Chi 01:00PM ET",0
"WR","Josh Stewart",3000,"Ten@TB 04:25PM ET",0
"WR","Bradley Marquez",3000,"Sea@StL 01:00PM ET",0
"WR","Rashad Greene",3000,"Car@Jax 01:00PM ET",0
"RB","James Wilder Jr.",3000,"Cin@Oak 04:25PM ET",0
"RB","Karlos Williams",3000,"Ind@Buf 01:00PM ET",0
"RB","Thomas Rawls",3000,"Sea@StL 01:00PM ET",0
"WR","Darius Jennings",3000,"Cle@NYJ 01:00PM ET",0
"WR","Devante Davis",3000,"Phi@Atl 07:10PM ET",0
"WR","Devin Smith",3000,"Cle@NYJ 01:00PM ET",0
"WR","Evan Spencer",3000,"Mia@Was 01:00PM ET",0
"RB","Brandon Cottom",3000,"Sea@StL 01:00PM ET",0
"RB","Akeem Hunt",3000,"NYG@Dal 08:30PM ET",0
"RB","Raheem Mostert",3000,"Phi@Atl 07:10PM ET",0
"WR","Andre Davis",3000,"Ind@Buf 01:00PM ET",0
"WR","Donte Moncrief",3000,"Ind@Buf 01:00PM ET",6.405
"RB","Josh Robinson",3000,"Ind@Buf 01:00PM ET",0
"WR","Chuck Jacobs",3000,"Min@SF 10:20PM ET",0
"WR","Jeremy Butler",3000,"Bal@Den 04:25PM ET",0
"RB","Corey Knox",3000,"Ind@Buf 01:00PM ET",0
"WR","De'Anthony Thomas",3000,"KC@Hou 01:00PM ET",5.158
"WR","Kasen Williams",3000,"Sea@StL 01:00PM ET",0
"RB","Kenneth Harper",3000,"NYG@Dal 08:30PM ET",0
"WR","DaVaris Daniels",3000,"Min@SF 10:20PM ET",0
"WR","Shane Wynn",3000,"Cle@NYJ 01:00PM ET",0
"RB","Darrin Reaves",3000,"Car@Jax 01:00PM ET",2.650
"WR","Rannell Hall",3000,"Ten@TB 04:25PM ET",0
"WR","Milton Williams III",3000,"Cin@Oak 04:25PM ET",0
"RB","George Atkinson III",3000,"Cin@Oak 04:25PM ET",0.000
"WR","Christion Jones",3000,"Mia@Was 01:00PM ET",0
"WR","DeAndre Carter",3000,"Bal@Den 04:25PM ET",0
"WR","Jeret Smith",3000,"KC@Hou 01:00PM ET",0
"WR","Chandler Worthy",3000,"KC@Hou 01:00PM ET",0
"WR","Brittan Golden",3000,"NO@Ari 04:05PM ET",0
"RB","Daryl Richardson",3000,"Cle@NYJ 01:00PM ET",0
"WR","Tyrell Williams",3000,"Det@SD 04:05PM ET",0
"WR","Isaac Fruechte",3000,"Min@SF 10:20PM ET",0
"WR","Deontay Greenberry",3000,"NYG@Dal 08:30PM ET",0
"RB","Paul Lasike",3000,"NO@Ari 04:05PM ET",0
"RB","Marion Grice",3000,"NO@Ari 04:05PM ET",2.373
"WR","Marquez Clark",3000,"Phi@Atl 07:10PM ET",0
"WR","Kasey Closs",3000,"Car@Jax 01:00PM ET",0
"RB","Tyler Varga",3000,"Ind@Buf 01:00PM ET",0
"WR","Cordarrelle Patterson",3000,"Min@SF 10:20PM ET",6.069
"RB","Trey Williams",3000,"Mia@Was 01:00PM ET",0
"RB","Duke Johnson Jr.",3000,"Cle@NYJ 01:00PM ET",0
"RB","Abou Toure",3000,"Ind@Buf 01:00PM ET",0
"WR","Cam Worthy",3000,"Bal@Den 04:25PM ET",0
"WR","Demetrius Wilson",3000,"Det@SD 04:05PM ET",0
"WR","Stefon Diggs",3000,"Min@SF 10:20PM ET",0
"WR","Daniel Rodriguez",3000,"Sea@StL 01:00PM ET",0
"WR","Kenny Cook",3000,"KC@Hou 01:00PM ET",0
"WR","Isiah Ferguson",3000,"Sea@StL 01:00PM ET",0
"WR","Seth Roberts",3000,"Cin@Oak 04:25PM ET",0
"RB","John Crockett",3000,"GB@Chi 01:00PM ET",0
"WR","Jonathon Rumph",3000,"Cle@NYJ 01:00PM ET",0
"WR","Lucky Whitehead",3000,"NYG@Dal 08:30PM ET",0
"WR","Adam Thielen",3000,"Min@SF 10:20PM ET",1.731
"RB","Khiry Robinson",3000,"NO@Ari 04:05PM ET",6.650
"WR","Braylon Bell",3000,"Mia@Was 01:00PM ET",0
"WR","Damond Powell",3000,"NO@Ari 04:05PM ET",0
"WR","Javess Blue",3000,"GB@Chi 01:00PM ET",0
"WR","Mario Alford",3000,"Cin@Oak 04:25PM ET",0
"WR","DeAndre Smelter",3000,"Min@SF 10:20PM ET",0
"WR","Vince Mayle",3000,"Cle@NYJ 01:00PM ET",0
"WR","Taylor Gabriel",3000,"Cle@NYJ 01:00PM ET",6.569
"RB","Charcandrick West",3000,"KC@Hou 01:00PM ET",0.000
"WR","Paul Browning",3000,"Cle@NYJ 01:00PM ET",0
"WR","Gavin Lutman",3000,"Min@SF 10:20PM ET",0
"WR","Corey Washington",3000,"NYG@Dal 08:30PM ET",1.157
"WR","Jeff Janis",3000,"GB@Chi 01:00PM ET",1.200
"WR","Torrence Allen",3000,"Det@SD 04:05PM ET",0
"WR","Seantavius Jones",3000,"NO@Ari 04:05PM ET",0
"WR","Ricky Collins",3000,"GB@Chi 01:00PM ET",0
"WR","Vernon Johnson",3000,"Det@SD 04:05PM ET",0
"WR","Tello Luckett",3000,"KC@Hou 01:00PM ET",0
"WR","Rasheed Bailey",3000,"Phi@Atl 07:10PM ET",0
"WR","Trevor Harman",3000,"NO@Ari 04:05PM ET",0
"WR","Joshua Stangby",3000,"Phi@Atl 07:10PM ET",0
"WR","Tyler Rutenbeck",3000,"Ind@Buf 01:00PM ET",0
"RB","Rasheed Williams",3000,"Det@SD 04:05PM ET",0
"RB","Terrell Watson",3000,"Cin@Oak 04:25PM ET",0
"RB","Luke Lundy",3000,"Cle@NYJ 01:00PM ET",0
"WR","Donteea Dye",3000,"Ten@TB 04:25PM ET",0
"WR","Austin Willis",3000,"Cin@Oak 04:25PM ET",0
"RB","Desmond Martin",3000,"Det@SD 04:05PM ET",0
"DST","Bills ",2900,"Ind@Buf 01:00PM ET",10.938
"DST","Colts ",2900,"Ind@Buf 01:00PM ET",7.737
"DST","Jets ",2900,"Cle@NYJ 01:00PM ET",4.688
"TE","Jared Cook",2900,"Sea@StL 01:00PM ET",8.338
"TE","Eric Ebron",2900,"Det@SD 04:05PM ET",4.350
"DST","Cowboys ",2800,"NYG@Dal 08:30PM ET",7.389
"DST","Broncos ",2800,"Bal@Den 04:25PM ET",7.353
"DST","Lions ",2800,"Det@SD 04:05PM ET",8.235
"DST","Titans ",2800,"Ten@TB 04:25PM ET",5.063
"DST","Rams ",2800,"Sea@StL 01:00PM ET",9.563
"DST","Vikings ",2800,"Min@SF 10:20PM ET",8.000
"DST","Cardinals ",2800,"NO@Ari 04:05PM ET",8.941
"DST","Chargers ",2800,"Det@SD 04:05PM ET",6.438
"DST","49ers ",2800,"Min@SF 10:20PM ET",7.938
"DST","Buccaneers ",2800,"Ten@TB 04:25PM ET",6.625
"TE","David Johnson",2800,"Det@SD 04:05PM ET",0.100
"TE","Jermaine Gresham",2800,"NO@Ari 04:05PM ET",9.200
"TE","Jace Amaro",2800,"Cle@NYJ 01:00PM ET",6.036
"DST","Falcons ",2700,"Phi@Atl 07:10PM ET",6.438
"DST","Saints ",2700,"NO@Ari 04:05PM ET",4.313
"DST","Eagles ",2700,"Phi@Atl 07:10PM ET",11.813
"DST","Jaguars ",2700,"Car@Jax 01:00PM ET",6.938
"DST","Ravens ",2700,"Bal@Den 04:25PM ET",8.833
"TE","Mychal Rivera",2700,"Cin@Oak 04:25PM ET",8.588
"TE","Clive Walford",2700,"Cin@Oak 04:25PM ET",0
"TE","Maxx Williams",2700,"Bal@Den 04:25PM ET",0
"DST","Redskins ",2600,"Mia@Was 01:00PM ET",4.063
"TE","Jacob Tamme",2600,"Phi@Atl 07:10PM ET",2.244
"TE","Benjamin Watson",2600,"NO@Ari 04:05PM ET",2.850
"DST","Giants ",2500,"NYG@Dal 08:30PM ET",6.938
"TE","Daniel Fells",2500,"NYG@Dal 08:30PM ET",3.613
"TE","Craig Stevens",2500,"Ten@TB 04:25PM ET",0.920
"TE","Dante Rosario",2500,"GB@Chi 01:00PM ET",1.788
"TE","Marcedes Lewis",2500,"Car@Jax 01:00PM ET",6.325
"TE","Anthony Fasano",2500,"Ten@TB 04:25PM ET",4.773
"TE","Brent Celek",2500,"Phi@Atl 07:10PM ET",4.625
"TE","Zach Miller",2500,"GB@Chi 01:00PM ET",0
"TE","Dennis Pitta",2500,"Bal@Den 04:25PM ET",9.500
"TE","Brandon Pettigrew",2500,"Det@SD 04:05PM ET",1.273
"TE","Kellen Davis",2500,"Cle@NYJ 01:00PM ET",0.000
"TE","Brandon Myers",2500,"Ten@TB 04:25PM ET",2.929
"TE","Darren Fells",2500,"NO@Ari 04:05PM ET",1.745
"TE","Bear Pascoe",2500,"GB@Chi 01:00PM ET",0.519
"TE","Kevin Brock",2500,"NO@Ari 04:05PM ET",0.587
"TE","Gary Barnidge",2500,"Cle@NYJ 01:00PM ET",2.200
"TE","Tony Moeaki",2500,"Phi@Atl 07:10PM ET",3.914
"TE","Clay Harbor",2500,"Car@Jax 01:00PM ET",4.685
"TE","Ed Dickson",2500,"Car@Jax 01:00PM ET",2.067
"TE","Logan Paulsen",2500,"Mia@Was 01:00PM ET",1.613
"TE","Garrett Graham",2500,"KC@Hou 01:00PM ET",3.973
"TE","Richie Brockel",2500,"Car@Jax 01:00PM ET",0.000
"TE","David Ausberry",2500,"Det@SD 04:05PM ET",0.567
"TE","Anthony McCoy",2500,"Sea@StL 01:00PM ET",0
"TE","Jim Dray",2500,"Cle@NYJ 01:00PM ET",2.950
"TE","Virgil Green",2500,"Bal@Den 04:25PM ET",1.507
"TE","John Phillips",2500,"Det@SD 04:05PM ET",0.444
"TE","Ryan Taylor",2500,"KC@Hou 01:00PM ET",0.000
"TE","Richard Gordon",2500,"KC@Hou 01:00PM ET",0.000
"TE","Rob Housler",2500,"Cle@NYJ 01:00PM ET",1.375
"TE","Matthew Mulligan",2500,"Ind@Buf 01:00PM ET",0.000
"TE","Mickey Shuler",2500,"Phi@Atl 07:10PM ET",0.000
"TE","Lance Kendricks",2500,"Sea@StL 01:00PM ET",5.181
"TE","Jeff Cumberland",2500,"Cle@NYJ 01:00PM ET",4.106
"TE","Lee Smith",2500,"Cin@Oak 04:25PM ET",1.229
"TE","Luke Stocker",2500,"Ten@TB 04:25PM ET",0.854
"TE","Steve Maneri",2500,"Cle@NYJ 01:00PM ET",0.000
"TE","Konrad Reuland",2500,"Bal@Den 04:25PM ET",0
"TE","Andrew Quarless",2500,"GB@Chi 01:00PM ET",5.133
"TE","Sean McGrath",2500,"Ind@Buf 01:00PM ET",0
"TE","James Casey",2500,"Bal@Den 04:25PM ET",1.306
"TE","Adrien Robinson",2500,"NYG@Dal 08:30PM ET",1.000
"TE","Rhett Ellison",2500,"Min@SF 10:20PM ET",2.988
"TE","Ifeanyi Momah",2500,"NO@Ari 04:05PM ET",0
"TE","Allen Reisner",2500,"Bal@Den 04:25PM ET",0
"TE","Emil Igwenagu",2500,"Det@SD 04:05PM ET",0
"TE","Garrett Celek",2500,"Min@SF 10:20PM ET",2.433
"TE","Jamie Childers",2500,"Car@Jax 01:00PM ET",0
"TE","Evan Rodriguez",2500,"Ten@TB 04:25PM ET",0.000
"TE","Niles Paul",2500,"Mia@Was 01:00PM ET",5.919
"TE","Dave Paulson",2500,"Det@SD 04:05PM ET",0
"TE","James Hanna",2500,"NYG@Dal 08:30PM ET",0.489
"TE","Jake Stoneburner",2500,"Mia@Was 01:00PM ET",0
"TE","Joe Don Duncan",2500,"Bal@Den 04:25PM ET",0
"TE","Taylor Thompson",2500,"Ten@TB 04:25PM ET",1.467
"TE","Gerell Robinson",2500,"Mia@Was 01:00PM ET",0.000
"TE","Cory Harkey",2500,"Sea@StL 01:00PM ET",1.344
"TE","MarQueis Gray",2500,"Ind@Buf 01:00PM ET",1.723
"TE","Tim Wright",2500,"Ten@TB 04:25PM ET",4.872
"TE","Ryan Griffin",2500,"KC@Hou 01:00PM ET",1.569
"TE","Brad Smelley",2500,"Sea@StL 01:00PM ET",0
"TE","Chris Gragg",2500,"Ind@Buf 01:00PM ET",1.780
"TE","Ryan Otten",2500,"Min@SF 10:20PM ET",0
"TE","Luke Willson",2500,"Sea@StL 01:00PM ET",5.947
"TE","Jordan Thompson",2500,"Det@SD 04:05PM ET",0.000
"TE","Joseph Fauria",2500,"Det@SD 04:05PM ET",3.057
"TE","Jack Doyle",2500,"Ind@Buf 01:00PM ET",2.637
"TE","Vance McDonald",2500,"Min@SF 10:20PM ET",0.500
"TE","Marcel Jensen",2500,"Bal@Den 04:25PM ET",1.800
"TE","Justin Perillo",2500,"GB@Chi 01:00PM ET",0.000
"TE","Nick Kasa",2500,"Cin@Oak 04:25PM ET",0
"TE","Ryan Hewitt",2500,"Cin@Oak 04:25PM ET",1.488
"TE","Levine Toilolo",2500,"Phi@Atl 07:10PM ET",4.113
"TE","Justice Cunningham",2500,"Sea@StL 01:00PM ET",0
"TE","Matt Lengel",2500,"Cin@Oak 04:25PM ET",0
"TE","Gabe Holmes",2500,"Cin@Oak 04:25PM ET",0
"TE","Gavin Escobar",2500,"NYG@Dal 08:30PM ET",2.417
"TE","Ted Bolser",2500,"NO@Ari 04:05PM ET",0
"TE","Alex Bayer",2500,"Sea@StL 01:00PM ET",0.000
"TE","Dion Sims",2500,"Mia@Was 01:00PM ET",4.600
"TE","Blake Annen",2500,"GB@Chi 01:00PM ET",0.000
"TE","Orson Charles",2500,"NO@Ari 04:05PM ET",0
"TE","Arthur Lynch",2500,"Mia@Was 01:00PM ET",0
"TE","Brandon Bostick",2500,"Min@SF 10:20PM ET",0.553
"TE","Jerome Cunningham",2500,"NYG@Dal 08:30PM ET",0
"TE","Nic Jacobs",2500,"Car@Jax 01:00PM ET",0.738
"TE","Brandon Williams",2500,"Car@Jax 01:00PM ET",0.525
"TE","Cooper Helfet",2500,"Sea@StL 01:00PM ET",3.864
"TE","Devin Mahina",2500,"Mia@Was 01:00PM ET",0
"TE","Crockett Gillmore",2500,"Bal@Den 04:25PM ET",2.300
"TE","Trey Burton",2500,"Phi@Atl 07:10PM ET",0.067
"TE","Gerald Christian",2500,"NO@Ari 04:05PM ET",0
"TE","Blake Bell",2500,"Min@SF 10:20PM ET",0
"TE","Je'Ron Hamm",2500,"Mia@Was 01:00PM ET",0
"TE","Justin Sinz",2500,"Ind@Buf 01:00PM ET",0
"TE","Erik Swoope",2500,"Ind@Buf 01:00PM ET",0
"TE","Harold Spears",2500,"GB@Chi 01:00PM ET",0
"TE","James O'Shaughnessy",2500,"KC@Hou 01:00PM ET",0
"TE","MyCole Pruitt",2500,"Min@SF 10:20PM ET",0
"TE","Cameron Brate",2500,"Ten@TB 04:25PM ET",0.540
"TE","Will Tye",2500,"NYG@Dal 08:30PM ET",0
"TE","Chase Ford",2500,"Min@SF 10:20PM ET",4.982
"TE","C.J. Fiedorowicz",2500,"KC@Hou 01:00PM ET",0.853
"TE","Eric Tomlinson",2500,"Phi@Atl 07:10PM ET",0
"TE","Randall Telfer",2500,"Cle@NYJ 01:00PM ET",0
"TE","Brian Parker",2500,"Det@SD 04:05PM ET",0
"TE","Brian Vogler",2500,"GB@Chi 01:00PM ET",0
"TE","Mike McFarland",2500,"KC@Hou 01:00PM ET",0
"TE","Andrew Gleichert",2500,"Phi@Atl 07:10PM ET",0
"TE","Chase Dixon",2500,"Mia@Was 01:00PM ET",0
"TE","Taylor Sloat",2500,"Ten@TB 04:25PM ET",0
"TE","Connor Hamlett",2500,"Car@Jax 01:00PM ET",0
"TE","Casey Pierce",2500,"Det@SD 04:05PM ET",0
"TE","RaShaun Allen",2500,"Sea@StL 01:00PM ET",0.000
"TE","Scott Simonson",2500,"Car@Jax 01:00PM ET",0.000
"TE","Jake Murphy",2500,"Cin@Oak 04:25PM ET",0
"TE","Kyle Miller",2500,"Det@SD 04:05PM ET",0
"TE","Justin Tukes",2500,"Phi@Atl 07:10PM ET",0
"TE","Anthony Denham",2500,"KC@Hou 01:00PM ET",0.000
"TE","Tyler Kroft",2500,"Cin@Oak 04:25PM ET",0
"TE","Clay Burton",2500,"Ind@Buf 01:00PM ET",0
"TE","C.J. Uzomah",2500,"Cin@Oak 04:25PM ET",0
"TE","Jeff Heuerman",2500,"Bal@Den 04:25PM ET",0
"TE","Earnest Pettway",2500,"KC@Hou 01:00PM ET",0
"TE","Demetrius Harris",2500,"KC@Hou 01:00PM ET",0.625
"TE","Mitchell Henry",2500,"GB@Chi 01:00PM ET",0
"TE","Busta Anderson",2500,"Min@SF 10:20PM ET",0
"TE","Nick O'Leary",2500,"Ind@Buf 01:00PM ET",0
"TE","Jack Tabb",2500,"NO@Ari 04:05PM ET",0
"TE","Matt LaCosse",2500,"NYG@Dal 08:30PM ET",0
"TE","Tevin Westbrook",2500,"Ten@TB 04:25PM ET",0
"TE","Richard Rodgers",2500,"GB@Chi 01:00PM ET",3.906
"TE","Nick Boyle",2500,"Bal@Den 04:25PM ET",0
"TE","Eric Frohnapfel",2500,"Det@SD 04:05PM ET",0
"TE","Kennard Backman",2500,"GB@Chi 01:00PM ET",0
"TE","Ben Koyack",2500,"Car@Jax 01:00PM ET",0
"TE","Troy Niklas",2500,"NO@Ari 04:05PM ET",0.971
"TE","Ray Hamilton",2500,"NYG@Dal 08:30PM ET",0
"TE","Beau Gardner",2500,"Phi@Atl 07:10PM ET",0
"TE","Phillip Supernaw",2500,"Ten@TB 04:25PM ET",0.750
"TE","Wes Saxton",2500,"Cle@NYJ 01:00PM ET",0
"TE","Derek Carrier",2500,"Min@SF 10:20PM ET",1.791
"TE","Dominique Jones",2500,"Bal@Den 04:25PM ET",0.000
"TE","Brian Leonhardt",2500,"Cin@Oak 04:25PM ET",1.292
"TE","Geoff Swaim",2500,"NYG@Dal 08:30PM ET",0
"TE","E.J. Bibbs",2500,"Cle@NYJ 01:00PM ET",0
"TE","Gannon Sinclair",2500,"NO@Ari 04:05PM ET",0
"TE","Jean Sifrin",2500,"Ind@Buf 01:00PM ET",0
"TE","Khari Lee",2500,"KC@Hou 01:00PM ET",0
"TE","John Peters",2500,"Cin@Oak 04:25PM ET",0
"DST","Bears ",2400,"GB@Chi 01:00PM ET",6.563
"DST","Raiders ",2300,"Cin@Oak 04:25PM ET",3.813
